Record Length,2.500000e+03,,   1.016000000000,  -0.16000,
Sample Interval,1.000000e-04,,   1.016100000000,  -0.32000,
Trigger Point,-1.016000000000e+04,,   1.016200000000,   0.04000,
,,,   1.016300000000,   0.08000,
,,,   1.016400000000,   0.12000,
,,,   1.016500000000,  -0.24000,
Source,CH1,,   1.016600000000,  -0.16000,
Vertical Units,V,,   1.016700000000,   0.00000,
Vertical Scale,1.000000e+00,,   1.016800000000,  -0.20000,
Vertical Offset,1.320000e+00,,   1.016900000000,  -0.36000,
Horizontal Units,s,,   1.017000000000,  -0.24000,
Horizontal Scale,2.500000e-02,,   1.017100000000,  -0.20000,
Pt Fmt,Y,,   1.017200000000,  -0.44000,
Yzero,0.000000e+00,,   1.017300000000,   0.04000,
Probe Atten,1.000000e+01,,   1.017400000000,   0.28000,
Firmware Version,FV:v6.08,,   1.017500000000,   0.48000,
,,,1.017600000000,   0.52000,
,,,1.017700000000,   0.24000,
,,,1.017800000000,  -0.40000,
,,,1.017900000000,  -0.48000,
,,,1.018000000000,  -0.36000,
,,,1.018100000000,   0.00000,
,,,1.018200000000,   0.16000,
,,,1.018300000000,  -0.08000,
,,,1.018400000000,  -0.04000,
,,,1.018500000000,  -0.04000,
,,,1.018600000000,   0.00000,
,,,1.018700000000,  -0.20000,
,,,1.018800000000,  -0.28000,
,,,1.018900000000,  -0.24000,
,,,1.019000000000,   0.20000,
,,,1.019100000000,   0.28000,
,,,1.019200000000,   0.20000,
,,,1.019300000000,   0.24000,
,,,1.019400000000,   0.16000,
,,,1.019500000000,  -0.32000,
,,,1.019600000000,  -0.28000,
,,,1.019700000000,  -0.48000,
,,,1.019800000000,  -0.08000,
,,,1.019900000000,  -0.08000,
,,,1.020000000000,   0.24000,
,,,1.020100000000,   0.00000,
,,,1.020200000000,  -0.36000,
,,,1.020300000000,  -0.04000,
,,,1.020400000000,  -0.08000,
,,,1.020500000000,   0.08000,
,,,1.020600000000,  -0.24000,
,,,1.020700000000,  -0.52000,
,,,1.020800000000,  -0.44000,
,,,1.020900000000,  -0.12000,
,,,1.021000000000,   0.16000,
,,,1.021100000000,  -0.20000,
,,,1.021200000000,  -0.12000,
,,,1.021300000000,  -0.16000,
,,,1.021400000000,  -0.20000,
,,,1.021500000000,  -0.20000,
,,,1.021600000000,   0.04000,
,,,1.021700000000,   0.00000,
,,,1.021800000000,  -0.16000,
,,,1.021900000000,  -0.44000,
,,,1.022000000000,  -0.72000,
,,,1.022100000000,  -0.04000,
,,,1.022200000000,   0.16000,
,,,1.022300000000,   0.32000,
,,,1.022400000000,   0.24000,
,,,1.022500000000,  -0.20000,
,,,1.022600000000,   0.16000,
,,,1.022700000000,   0.08000,
,,,1.022800000000,  -0.16000,
,,,1.022900000000,  -0.24000,
,,,1.023000000000,  -0.12000,
,,,1.023100000000,  -0.08000,
,,,1.023200000000,  -0.16000,
,,,1.023300000000,  -0.04000,
,,,1.023400000000,  -0.20000,
,,,1.023500000000,  -0.20000,
,,,1.023600000000,  -0.28000,
,,,1.023700000000,  -0.20000,
,,,1.023800000000,   0.24000,
,,,1.023900000000,   0.28000,
,,,1.024000000000,   0.32000,
,,,1.024100000000,   0.12000,
,,,1.024200000000,  -0.16000,
,,,1.024300000000,  -0.44000,
,,,1.024400000000,  -0.36000,
,,,1.024500000000,  -0.16000,
,,,1.024600000000,  -0.08000,
,,,1.024700000000,  -0.12000,
,,,1.024800000000,  -0.28000,
,,,1.024900000000,  -0.08000,
,,,1.025000000000,  -0.04000,
,,,1.025100000000,  -0.04000,
,,,1.025200000000,   0.12000,
,,,1.025300000000,   0.08000,
,,,1.025400000000,   0.36000,
,,,1.025500000000,   0.40000,
,,,1.025600000000,   0.28000,
,,,1.025700000000,   0.04000,
,,,1.025800000000,  -0.20000,
,,,1.025900000000,   0.24000,
,,,1.026000000000,  -0.08000,
,,,1.026100000000,   0.04000,
,,,1.026200000000,   0.04000,
,,,1.026300000000,  -0.20000,
,,,1.026400000000,  -0.32000,
,,,1.026500000000,  -0.44000,
,,,1.026600000000,  -0.60000,
,,,1.026700000000,  -0.08000,
,,,1.026800000000,  -0.04000,
,,,1.026900000000,  -0.24000,
,,,1.027000000000,  -0.20000,
,,,1.027100000000,  -0.20000,
,,,1.027200000000,  -0.08000,
,,,1.027300000000,   0.12000,
,,,1.027400000000,   0.20000,
,,,1.027500000000,  -0.16000,
,,,1.027600000000,  -0.12000,
,,,1.027700000000,   0.32000,
,,,1.027800000000,   0.04000,
,,,1.027900000000,  -0.28000,
,,,1.028000000000,  -0.20000,
,,,1.028100000000,  -0.36000,
,,,1.028200000000,  -0.40000,
,,,1.028300000000,  -0.28000,
,,,1.028400000000,  -0.24000,
,,,1.028500000000,  -0.20000,
,,,1.028600000000,   0.36000,
,,,1.028700000000,   0.44000,
,,,1.028800000000,  -0.12000,
,,,1.028900000000,  -0.20000,
,,,1.029000000000,  -0.24000,
,,,1.029100000000,   0.04000,
,,,1.029200000000,   0.12000,
,,,1.029300000000,  -0.12000,
,,,1.029400000000,  -0.40000,
,,,1.029500000000,  -0.16000,
,,,1.029600000000,  -0.16000,
,,,1.029700000000,  -0.08000,
,,,1.029800000000,  -0.28000,
,,,1.029900000000,   0.24000,
,,,1.030000000000,   0.16000,
,,,1.030100000000,   0.16000,
,,,1.030200000000,  -0.20000,
,,,1.030300000000,  -0.24000,
,,,1.030400000000,  -0.20000,
,,,1.030500000000,  -0.12000,
,,,1.030600000000,  -0.20000,
,,,1.030700000000,  -0.04000,
,,,1.030800000000,  -0.04000,
,,,1.030900000000,  -0.08000,
,,,1.031000000000,   0.28000,
,,,1.031100000000,   0.20000,
,,,1.031200000000,   0.28000,
,,,1.031300000000,   0.40000,
,,,1.031400000000,  -0.48000,
,,,1.031500000000,  -0.48000,
,,,1.031600000000,  -0.36000,
,,,1.031700000000,  -0.16000,
,,,1.031800000000,  -0.12000,
,,,1.031900000000,   0.12000,
,,,1.032000000000,   0.24000,
,,,1.032100000000,  -0.08000,
,,,1.032200000000,  -0.04000,
,,,1.032300000000,   0.04000,
,,,1.032400000000,  -0.04000,
,,,1.032500000000,  -0.12000,
,,,1.032600000000,  -0.20000,
,,,1.032700000000,  -0.36000,
,,,1.032800000000,  -0.32000,
,,,1.032900000000,  -0.12000,
,,,1.033000000000,  -0.12000,
,,,1.033100000000,  -0.24000,
,,,1.033200000000,  -0.04000,
,,,1.033300000000,   0.40000,
,,,1.033400000000,   0.12000,
,,,1.033500000000,   0.16000,
,,,1.033600000000,  -0.12000,
,,,1.033700000000,  -0.52000,
,,,1.033800000000,  -0.76000,
,,,1.033900000000,  -0.28000,
,,,1.034000000000,  -0.32000,
,,,1.034100000000,  -0.28000,
,,,1.034200000000,  -0.36000,
,,,1.034300000000,  -0.24000,
,,,1.034400000000,  -0.36000,
,,,1.034500000000,   0.24000,
,,,1.034600000000,   0.44000,
,,,1.034700000000,   0.68000,
,,,1.034800000000,   0.32000,
,,,1.034900000000,  -0.08000,
,,,1.035000000000,  -0.44000,
,,,1.035100000000,  -0.44000,
,,,1.035200000000,  -0.36000,
,,,1.035300000000,  -0.32000,
,,,1.035400000000,  -0.40000,
,,,1.035500000000,  -0.36000,
,,,1.035600000000,  -0.48000,
,,,1.035700000000,   0.04000,
,,,1.035800000000,   0.40000,
,,,1.035900000000,   0.20000,
,,,1.036000000000,   0.16000,
,,,1.036100000000,  -0.20000,
,,,1.036200000000,  -0.12000,
,,,1.036300000000,  -0.28000,
,,,1.036400000000,   0.00000,
,,,1.036500000000,   0.00000,
,,,1.036600000000,  -0.04000,
,,,1.036700000000,   0.04000,
,,,1.036800000000,  -0.40000,
,,,1.036900000000,  -0.20000,
,,,1.037000000000,  -0.28000,
,,,1.037100000000,  -0.20000,
,,,1.037200000000,  -0.08000,
,,,1.037300000000,   0.16000,
,,,1.037400000000,   0.08000,
,,,1.037500000000,   0.20000,
,,,1.037600000000,   0.16000,
,,,1.037700000000,  -0.16000,
,,,1.037800000000,  -0.28000,
,,,1.037900000000,  -0.56000,
,,,1.038000000000,  -0.08000,
,,,1.038100000000,  -0.04000,
,,,1.038200000000,  -0.20000,
,,,1.038300000000,  -0.20000,
,,,1.038400000000,   0.04000,
,,,1.038500000000,   0.24000,
,,,1.038600000000,  -0.04000,
,,,1.038700000000,   0.04000,
,,,1.038800000000,  -0.04000,
,,,1.038900000000,   0.36000,
,,,1.039000000000,   0.08000,
,,,1.039100000000,  -0.12000,
,,,1.039200000000,  -0.12000,
,,,1.039300000000,  -0.12000,
,,,1.039400000000,  -0.12000,
,,,1.039500000000,  -0.08000,
,,,1.039600000000,  -0.36000,
,,,1.039700000000,  -0.16000,
,,,1.039800000000,  -0.04000,
,,,1.039900000000,   0.04000,
,,,1.040000000000,   0.08000,
,,,1.040100000000,  -0.08000,
,,,1.040200000000,  -0.28000,
,,,1.040300000000,  -0.08000,
,,,1.040400000000,  -0.16000,
,,,1.040500000000,   0.00000,
,,,1.040600000000,  -0.04000,
,,,1.040700000000,  -0.24000,
,,,1.040800000000,  -0.44000,
,,,1.040900000000,  -0.04000,
,,,1.041000000000,   0.00000,
,,,1.041100000000,   0.20000,
,,,1.041200000000,   0.24000,
,,,1.041300000000,   0.04000,
,,,1.041400000000,   0.00000,
,,,1.041500000000,  -0.28000,
,,,1.041600000000,  -0.36000,
,,,1.041700000000,  -0.44000,
,,,1.041800000000,  -0.32000,
,,,1.041900000000,   0.32000,
,,,1.042000000000,   0.20000,
,,,1.042100000000,  -0.24000,
,,,1.042200000000,   0.00000,
,,,1.042300000000,  -0.16000,
,,,1.042400000000,  -0.20000,
,,,1.042500000000,  -0.20000,
,,,1.042600000000,  -0.64000,
,,,1.042700000000,  -0.32000,
,,,1.042800000000,  -0.08000,
,,,1.042900000000,   0.44000,
,,,1.043000000000,   0.32000,
,,,1.043100000000,   0.20000,
,,,1.043200000000,  -0.08000,
,,,1.043300000000,  -0.36000,
,,,1.043400000000,  -0.32000,
,,,1.043500000000,  -0.08000,
,,,1.043600000000,   0.36000,
,,,1.043700000000,   0.24000,
,,,1.043800000000,   0.12000,
,,,1.043900000000,  -0.16000,
,,,1.044000000000,  -0.32000,
,,,1.044100000000,  -0.28000,
,,,1.044200000000,  -0.56000,
,,,1.044300000000,  -0.40000,
,,,1.044400000000,   0.08000,
,,,1.044500000000,   0.08000,
,,,1.044600000000,   0.40000,
,,,1.044700000000,  -0.12000,
,,,1.044800000000,  -0.16000,
,,,1.044900000000,  -0.16000,
,,,1.045000000000,   0.20000,
,,,1.045100000000,   0.24000,
,,,1.045200000000,   0.24000,
,,,1.045300000000,   0.20000,
,,,1.045400000000,   0.08000,
,,,1.045500000000,  -0.32000,
,,,1.045600000000,  -0.24000,
,,,1.045700000000,   0.00000,
,,,1.045800000000,   0.20000,
,,,1.045900000000,   0.44000,
,,,1.046000000000,   0.16000,
,,,1.046100000000,  -0.32000,
,,,1.046200000000,  -0.36000,
,,,1.046300000000,  -0.12000,
,,,1.046400000000,  -0.12000,
,,,1.046500000000,  -0.32000,
,,,1.046600000000,  -0.08000,
,,,1.046700000000,   0.04000,
,,,1.046800000000,   0.04000,
,,,1.046900000000,  -0.08000,
,,,1.047000000000,  -0.24000,
,,,1.047100000000,  -0.36000,
,,,1.047200000000,  -0.52000,
,,,1.047300000000,  -0.08000,
,,,1.047400000000,   0.08000,
,,,1.047500000000,   0.20000,
,,,1.047600000000,   0.36000,
,,,1.047700000000,   0.36000,
,,,1.047800000000,  -0.16000,
,,,1.047900000000,  -0.40000,
,,,1.048000000000,  -0.56000,
,,,1.048100000000,  -0.40000,
,,,1.048200000000,   0.04000,
,,,1.048300000000,  -0.08000,
,,,1.048400000000,  -0.04000,
,,,1.048500000000,   0.24000,
,,,1.048600000000,  -0.04000,
,,,1.048700000000,  -0.24000,
,,,1.048800000000,   0.00000,
,,,1.048900000000,   0.12000,
,,,1.049000000000,  -0.08000,
,,,1.049100000000,  -0.04000,
,,,1.049200000000,   0.00000,
,,,1.049300000000,   0.16000,
,,,1.049400000000,  -0.32000,
,,,1.049500000000,  -0.16000,
,,,1.049600000000,  -0.52000,
,,,1.049700000000,  -0.12000,
,,,1.049800000000,  -0.16000,
,,,1.049900000000,  -0.16000,
,,,1.050000000000,  -0.28000,
,,,1.050100000000,  -0.04000,
,,,1.050200000000,   0.00000,
,,,1.050300000000,   0.12000,
,,,1.050400000000,   0.04000,
,,,1.050500000000,   0.28000,
,,,1.050600000000,   0.32000,
,,,1.050700000000,   0.16000,
,,,1.050800000000,  -0.24000,
,,,1.050900000000,  -0.16000,
,,,1.051000000000,  -0.44000,
,,,1.051100000000,  -0.32000,
,,,1.051200000000,   0.00000,
,,,1.051300000000,   0.28000,
,,,1.051400000000,   0.32000,
,,,1.051500000000,   0.16000,
,,,1.051600000000,   0.20000,
,,,1.051700000000,   0.12000,
,,,1.051800000000,   0.16000,
,,,1.051900000000,   0.20000,
,,,1.052000000000,  -0.16000,
,,,1.052100000000,  -0.52000,
,,,1.052200000000,  -0.44000,
,,,1.052300000000,  -0.44000,
,,,1.052400000000,  -0.20000,
,,,1.052500000000,  -0.04000,
,,,1.052600000000,   0.40000,
,,,1.052700000000,   0.64000,
,,,1.052800000000,   0.24000,
,,,1.052900000000,  -0.12000,
,,,1.053000000000,  -0.40000,
,,,1.053100000000,   0.08000,
,,,1.053200000000,  -0.04000,
,,,1.053300000000,   0.20000,
,,,1.053400000000,   0.04000,
,,,1.053500000000,   0.00000,
,,,1.053600000000,   0.16000,
,,,1.053700000000,   0.04000,
,,,1.053800000000,  -0.08000,
,,,1.053900000000,  -0.36000,
,,,1.054000000000,  -0.44000,
,,,1.054100000000,  -0.40000,
,,,1.054200000000,  -0.48000,
,,,1.054300000000,  -0.28000,
,,,1.054400000000,  -0.16000,
,,,1.054500000000,  -0.08000,
,,,1.054600000000,  -0.08000,
,,,1.054700000000,  -0.08000,
,,,1.054800000000,  -0.24000,
,,,1.054900000000,  -0.16000,
,,,1.055000000000,  -0.08000,
,,,1.055100000000,   0.12000,
,,,1.055200000000,   0.40000,
,,,1.055300000000,   0.20000,
,,,1.055400000000,   0.16000,
,,,1.055500000000,  -0.08000,
,,,1.055600000000,  -0.36000,
,,,1.055700000000,  -0.16000,
,,,1.055800000000,  -0.16000,
,,,1.055900000000,  -0.12000,
,,,1.056000000000,   0.16000,
,,,1.056100000000,   0.00000,
,,,1.056200000000,  -0.12000,
,,,1.056300000000,  -0.56000,
,,,1.056400000000,  -0.52000,
,,,1.056500000000,  -0.20000,
,,,1.056600000000,   0.36000,
,,,1.056700000000,   0.24000,
,,,1.056800000000,  -0.20000,
,,,1.056900000000,   0.04000,
,,,1.057000000000,  -0.04000,
,,,1.057100000000,  -0.04000,
,,,1.057200000000,  -0.32000,
,,,1.057300000000,   0.04000,
,,,1.057400000000,  -0.28000,
,,,1.057500000000,   0.12000,
,,,1.057600000000,   0.24000,
,,,1.057700000000,   0.32000,
,,,1.057800000000,   0.20000,
,,,1.057900000000,  -0.04000,
,,,1.058000000000,  -0.24000,
,,,1.058100000000,   0.00000,
,,,1.058200000000,   0.08000,
,,,1.058300000000,  -0.12000,
,,,1.058400000000,  -0.08000,
,,,1.058500000000,   0.00000,
,,,1.058600000000,   0.04000,
,,,1.058700000000,   0.04000,
,,,1.058800000000,  -0.08000,
,,,1.058900000000,   0.08000,
,,,1.059000000000,  -0.32000,
,,,1.059100000000,  -0.04000,
,,,1.059200000000,  -0.16000,
,,,1.059300000000,  -0.32000,
,,,1.059400000000,  -0.32000,
,,,1.059500000000,  -0.32000,
,,,1.059600000000,  -0.20000,
,,,1.059700000000,  -0.24000,
,,,1.059800000000,  -0.08000,
,,,1.059900000000,  -0.36000,
,,,1.060000000000,   0.04000,
,,,1.060100000000,   0.28000,
,,,1.060200000000,   0.24000,
,,,1.060300000000,  -0.24000,
,,,1.060400000000,  -0.32000,
,,,1.060500000000,   0.04000,
,,,1.060600000000,  -0.04000,
,,,1.060700000000,  -0.28000,
,,,1.060800000000,  -0.08000,
,,,1.060900000000,  -0.16000,
,,,1.061000000000,  -0.32000,
,,,1.061100000000,  -0.04000,
,,,1.061200000000,   0.12000,
,,,1.061300000000,  -0.28000,
,,,1.061400000000,  -0.44000,
,,,1.061500000000,  -0.32000,
,,,1.061600000000,  -0.28000,
,,,1.061700000000,   0.08000,
,,,1.061800000000,   0.52000,
,,,1.061900000000,   0.20000,
,,,1.062000000000,  -0.12000,
,,,1.062100000000,   0.00000,
,,,1.062200000000,  -0.16000,
,,,1.062300000000,  -0.56000,
,,,1.062400000000,  -0.40000,
,,,1.062500000000,   0.00000,
,,,1.062600000000,  -0.12000,
,,,1.062700000000,   0.08000,
,,,1.062800000000,   0.08000,
,,,1.062900000000,   0.04000,
,,,1.063000000000,   0.12000,
,,,1.063100000000,   0.16000,
,,,1.063200000000,  -0.12000,
,,,1.063300000000,  -0.44000,
,,,1.063400000000,  -0.28000,
,,,1.063500000000,  -0.04000,
,,,1.063600000000,   0.20000,
,,,1.063700000000,   0.04000,
,,,1.063800000000,  -0.12000,
,,,1.063900000000,   0.00000,
,,,1.064000000000,  -0.40000,
,,,1.064100000000,  -0.40000,
,,,1.064200000000,  -0.36000,
,,,1.064300000000,  -0.40000,
,,,1.064400000000,   0.12000,
,,,1.064500000000,   0.28000,
,,,1.064600000000,   0.24000,
,,,1.064700000000,   0.24000,
,,,1.064800000000,   0.08000,
,,,1.064900000000,   0.04000,
,,,1.065000000000,   0.04000,
,,,1.065100000000,  -0.24000,
,,,1.065200000000,  -0.40000,
,,,1.065300000000,  -0.72000,
,,,1.065400000000,  -0.16000,
,,,1.065500000000,  -0.04000,
,,,1.065600000000,   0.08000,
,,,1.065700000000,   0.08000,
,,,1.065800000000,  -0.16000,
,,,1.065900000000,  -0.12000,
,,,1.066000000000,   0.12000,
,,,1.066100000000,   0.40000,
,,,1.066200000000,  -0.04000,
,,,1.066300000000,  -0.24000,
,,,1.066400000000,  -0.08000,
,,,1.066500000000,  -0.32000,
,,,1.066600000000,  -0.16000,
,,,1.066700000000,  -0.08000,
,,,1.066800000000,   0.04000,
,,,1.066900000000,  -0.08000,
,,,1.067000000000,   0.16000,
,,,1.067100000000,  -0.16000,
,,,1.067200000000,  -0.16000,
,,,1.067300000000,  -0.12000,
,,,1.067400000000,  -0.40000,
,,,1.067500000000,  -0.64000,
,,,1.067600000000,  -0.16000,
,,,1.067700000000,   0.12000,
,,,1.067800000000,   0.08000,
,,,1.067900000000,   0.08000,
,,,1.068000000000,  -0.08000,
,,,1.068100000000,  -0.36000,
,,,1.068200000000,  -0.60000,
,,,1.068300000000,  -0.44000,
,,,1.068400000000,   0.12000,
,,,1.068500000000,   0.36000,
,,,1.068600000000,   0.32000,
,,,1.068700000000,   0.04000,
,,,1.068800000000,  -0.32000,
,,,1.068900000000,  -0.24000,
,,,1.069000000000,   0.16000,
,,,1.069100000000,   0.16000,
,,,1.069200000000,   0.20000,
,,,1.069300000000,  -0.32000,
,,,1.069400000000,  -0.40000,
,,,1.069500000000,  -0.48000,
,,,1.069600000000,  -0.48000,
,,,1.069700000000,   0.04000,
,,,1.069800000000,   0.20000,
,,,1.069900000000,   0.40000,
,,,1.070000000000,   0.32000,
,,,1.070100000000,  -0.08000,
,,,1.070200000000,   0.28000,
,,,1.070300000000,  -0.12000,
,,,1.070400000000,  -0.36000,
,,,1.070500000000,  -0.36000,
,,,1.070600000000,  -0.20000,
,,,1.070700000000,   0.08000,
,,,1.070800000000,   0.44000,
,,,1.070900000000,   0.08000,
,,,1.071000000000,  -0.28000,
,,,1.071100000000,  -0.60000,
,,,1.071200000000,  -0.60000,
,,,1.071300000000,  -0.20000,
,,,1.071400000000,  -0.04000,
,,,1.071500000000,   0.04000,
,,,1.071600000000,   0.12000,
,,,1.071700000000,  -0.08000,
,,,1.071800000000,  -0.04000,
,,,1.071900000000,  -0.24000,
,,,1.072000000000,  -0.28000,
,,,1.072100000000,  -0.16000,
,,,1.072200000000,  -0.04000,
,,,1.072300000000,   0.08000,
,,,1.072400000000,   0.36000,
,,,1.072500000000,   0.32000,
,,,1.072600000000,   0.40000,
,,,1.072700000000,  -0.04000,
,,,1.072800000000,  -0.16000,
,,,1.072900000000,  -0.40000,
,,,1.073000000000,  -0.16000,
,,,1.073100000000,   0.04000,
,,,1.073200000000,   0.12000,
,,,1.073300000000,   0.00000,
,,,1.073400000000,  -0.04000,
,,,1.073500000000,   0.12000,
,,,1.073600000000,  -0.12000,
,,,1.073700000000,  -0.48000,
,,,1.073800000000,  -0.44000,
,,,1.073900000000,  -0.28000,
,,,1.074000000000,  -0.24000,
,,,1.074100000000,  -0.24000,
,,,1.074200000000,  -0.08000,
,,,1.074300000000,  -0.04000,
,,,1.074400000000,   0.00000,
,,,1.074500000000,  -0.40000,
,,,1.074600000000,  -0.24000,
,,,1.074700000000,  -0.04000,
,,,1.074800000000,   0.20000,
,,,1.074900000000,   0.24000,
,,,1.075000000000,   0.32000,
,,,1.075100000000,  -0.08000,
,,,1.075200000000,  -0.12000,
,,,1.075300000000,  -0.36000,
,,,1.075400000000,  -0.24000,
,,,1.075500000000,  -0.40000,
,,,1.075600000000,  -0.64000,
,,,1.075700000000,  -0.28000,
,,,1.075800000000,   0.36000,
,,,1.075900000000,   0.00000,
,,,1.076000000000,  -0.08000,
,,,1.076100000000,  -0.28000,
,,,1.076200000000,   0.04000,
,,,1.076300000000,   0.04000,
,,,1.076400000000,   0.28000,
,,,1.076500000000,  -0.12000,
,,,1.076600000000,  -0.28000,
,,,1.076700000000,  -0.24000,
,,,1.076800000000,   0.12000,
,,,1.076900000000,  -0.08000,
,,,1.077000000000,   0.24000,
,,,1.077100000000,   0.32000,
,,,1.077200000000,  -0.24000,
,,,1.077300000000,  -0.40000,
,,,1.077400000000,  -0.20000,
,,,1.077500000000,  -0.08000,
,,,1.077600000000,  -0.16000,
,,,1.077700000000,  -0.24000,
,,,1.077800000000,   0.12000,
,,,1.077900000000,  -0.28000,
,,,1.078000000000,  -0.16000,
,,,1.078100000000,  -0.20000,
,,,1.078200000000,  -0.12000,
,,,1.078300000000,   0.00000,
,,,1.078400000000,   0.08000,
,,,1.078500000000,  -0.16000,
,,,1.078600000000,   0.08000,
,,,1.078700000000,   0.16000,
,,,1.078800000000,   0.32000,
,,,1.078900000000,   0.00000,
,,,1.079000000000,   0.16000,
,,,1.079100000000,   0.04000,
,,,1.079200000000,   0.12000,
,,,1.079300000000,  -0.04000,
,,,1.079400000000,  -0.28000,
,,,1.079500000000,  -0.40000,
,,,1.079600000000,  -0.44000,
,,,1.079700000000,  -0.28000,
,,,1.079800000000,  -0.04000,
,,,1.079900000000,  -0.04000,
,,,1.080000000000,   0.08000,
,,,1.080100000000,   0.00000,
,,,1.080200000000,   0.20000,
,,,1.080300000000,  -0.20000,
,,,1.080400000000,  -0.44000,
,,,1.080500000000,  -0.32000,
,,,1.080600000000,  -0.16000,
,,,1.080700000000,  -0.28000,
,,,1.080800000000,  -0.04000,
,,,1.080900000000,  -0.12000,
,,,1.081000000000,   0.00000,
,,,1.081100000000,   0.08000,
,,,1.081200000000,   0.44000,
,,,1.081300000000,   0.12000,
,,,1.081400000000,  -0.24000,
,,,1.081500000000,  -0.40000,
,,,1.081600000000,  -0.16000,
,,,1.081700000000,  -0.20000,
,,,1.081800000000,   0.00000,
,,,1.081900000000,   0.00000,
,,,1.082000000000,   0.12000,
,,,1.082100000000,   0.20000,
,,,1.082200000000,  -0.24000,
,,,1.082300000000,  -0.20000,
,,,1.082400000000,  -0.28000,
,,,1.082500000000,  -0.08000,
,,,1.082600000000,   0.04000,
,,,1.082700000000,  -0.20000,
,,,1.082800000000,   0.00000,
,,,1.082900000000,  -0.40000,
,,,1.083000000000,  -0.36000,
,,,1.083100000000,  -0.12000,
,,,1.083200000000,  -0.04000,
,,,1.083300000000,   0.08000,
,,,1.083400000000,  -0.04000,
,,,1.083500000000,  -0.36000,
,,,1.083600000000,  -0.36000,
,,,1.083700000000,  -0.20000,
,,,1.083800000000,   0.04000,
,,,1.083900000000,  -0.04000,
,,,1.084000000000,   0.08000,
,,,1.084100000000,   0.16000,
,,,1.084200000000,   0.04000,
,,,1.084300000000,  -0.04000,
,,,1.084400000000,  -0.04000,
,,,1.084500000000,   0.16000,
,,,1.084600000000,   0.36000,
,,,1.084700000000,  -0.20000,
,,,1.084800000000,  -0.04000,
,,,1.084900000000,  -0.04000,
,,,1.085000000000,   0.20000,
,,,1.085100000000,   0.08000,
,,,1.085200000000,  -0.12000,
,,,1.085300000000,  -0.44000,
,,,1.085400000000,  -0.16000,
,,,1.085500000000,  -0.12000,
,,,1.085600000000,   0.12000,
,,,1.085700000000,   0.16000,
,,,1.085800000000,   0.12000,
,,,1.085900000000,   0.20000,
,,,1.086000000000,  -0.08000,
,,,1.086100000000,  -0.28000,
,,,1.086200000000,  -0.36000,
,,,1.086300000000,  -0.28000,
,,,1.086400000000,  -0.12000,
,,,1.086500000000,  -0.12000,
,,,1.086600000000,  -0.08000,
,,,1.086700000000,  -0.16000,
,,,1.086800000000,   0.24000,
,,,1.086900000000,  -0.20000,
,,,1.087000000000,   0.04000,
,,,1.087100000000,   0.36000,
,,,1.087200000000,   0.44000,
,,,1.087300000000,  -0.12000,
,,,1.087400000000,  -0.20000,
,,,1.087500000000,  -0.08000,
,,,1.087600000000,  -0.28000,
,,,1.087700000000,  -0.16000,
,,,1.087800000000,  -0.52000,
,,,1.087900000000,  -0.20000,
,,,1.088000000000,   0.08000,
,,,1.088100000000,   0.48000,
,,,1.088200000000,   0.12000,
,,,1.088300000000,  -0.08000,
,,,1.088400000000,  -0.44000,
,,,1.088500000000,  -0.24000,
,,,1.088600000000,   0.20000,
,,,1.088700000000,   0.24000,
,,,1.088800000000,  -0.32000,
,,,1.088900000000,  -0.60000,
,,,1.089000000000,  -0.56000,
,,,1.089100000000,  -0.60000,
,,,1.089200000000,  -0.20000,
,,,1.089300000000,   0.24000,
,,,1.089400000000,   0.12000,
,,,1.089500000000,   0.00000,
,,,1.089600000000,   0.08000,
,,,1.089700000000,   0.40000,
,,,1.089800000000,  -0.08000,
,,,1.089900000000,   0.04000,
,,,1.090000000000,   0.04000,
,,,1.090100000000,  -0.08000,
,,,1.090200000000,  -0.20000,
,,,1.090300000000,  -0.52000,
,,,1.090400000000,  -0.20000,
,,,1.090500000000,  -0.16000,
,,,1.090600000000,  -0.20000,
,,,1.090700000000,   0.16000,
,,,1.090800000000,  -0.04000,
,,,1.090900000000,  -0.08000,
,,,1.091000000000,  -0.20000,
,,,1.091100000000,  -0.24000,
,,,1.091200000000,  -0.28000,
,,,1.091300000000,  -0.04000,
,,,1.091400000000,   0.24000,
,,,1.091500000000,   0.40000,
,,,1.091600000000,   0.00000,
,,,1.091700000000,   0.44000,
,,,1.091800000000,   0.40000,
,,,1.091900000000,   0.40000,
,,,1.092000000000,   0.24000,
,,,1.092100000000,   0.12000,
,,,1.092200000000,  -0.20000,
,,,1.092300000000,  -0.20000,
,,,1.092400000000,  -0.04000,
,,,1.092500000000,  -0.28000,
,,,1.092600000000,  -0.16000,
,,,1.092700000000,  -0.36000,
,,,1.092800000000,  -0.36000,
,,,1.092900000000,  -0.32000,
,,,1.093000000000,  -0.36000,
,,,1.093100000000,  -0.28000,
,,,1.093200000000,  -0.12000,
,,,1.093300000000,   0.16000,
,,,1.093400000000,   0.12000,
,,,1.093500000000,   0.08000,
,,,1.093600000000,   0.00000,
,,,1.093700000000,   0.16000,
,,,1.093800000000,  -0.16000,
,,,1.093900000000,  -0.04000,
,,,1.094000000000,   0.08000,
,,,1.094100000000,  -0.08000,
,,,1.094200000000,  -0.08000,
,,,1.094300000000,  -0.16000,
,,,1.094400000000,  -0.36000,
,,,1.094500000000,   0.00000,
,,,1.094600000000,   0.08000,
,,,1.094700000000,   0.16000,
,,,1.094800000000,   0.00000,
,,,1.094900000000,  -0.04000,
,,,1.095000000000,  -0.28000,
,,,1.095100000000,   0.04000,
,,,1.095200000000,  -0.20000,
,,,1.095300000000,   0.08000,
,,,1.095400000000,  -0.12000,
,,,1.095500000000,  -0.12000,
,,,1.095600000000,  -0.16000,
,,,1.095700000000,   0.00000,
,,,1.095800000000,   0.16000,
,,,1.095900000000,   0.12000,
,,,1.096000000000,  -0.24000,
,,,1.096100000000,  -0.28000,
,,,1.096200000000,  -0.20000,
,,,1.096300000000,  -0.16000,
,,,1.096400000000,  -0.08000,
,,,1.096500000000,   0.00000,
,,,1.096600000000,   0.04000,
,,,1.096700000000,   0.12000,
,,,1.096800000000,   0.04000,
,,,1.096900000000,  -0.12000,
,,,1.097000000000,  -0.48000,
,,,1.097100000000,  -0.08000,
,,,1.097200000000,  -0.20000,
,,,1.097300000000,   0.16000,
,,,1.097400000000,   0.20000,
,,,1.097500000000,   0.20000,
,,,1.097600000000,   0.00000,
,,,1.097700000000,   0.00000,
,,,1.097800000000,   0.16000,
,,,1.097900000000,   0.04000,
,,,1.098000000000,  -0.08000,
,,,1.098100000000,  -0.12000,
,,,1.098200000000,  -0.20000,
,,,1.098300000000,  -0.12000,
,,,1.098400000000,  -0.24000,
,,,1.098500000000,  -0.24000,
,,,1.098600000000,   0.00000,
,,,1.098700000000,   0.08000,
,,,1.098800000000,  -0.08000,
,,,1.098900000000,   0.12000,
,,,1.099000000000,   0.08000,
,,,1.099100000000,   0.12000,
,,,1.099200000000,  -0.24000,
,,,1.099300000000,  -0.36000,
,,,1.099400000000,  -0.28000,
,,,1.099500000000,  -0.20000,
,,,1.099600000000,   0.00000,
,,,1.099700000000,   0.04000,
,,,1.099800000000,  -0.08000,
,,,1.099900000000,  -0.32000,
,,,1.100000000000,   0.00000,
,,,1.100100000000,   0.00000,
,,,1.100200000000,   0.16000,
,,,1.100300000000,   0.20000,
,,,1.100400000000,   0.08000,
,,,1.100500000000,  -0.04000,
,,,1.100600000000,  -0.20000,
,,,1.100700000000,  -0.04000,
,,,1.100800000000,   0.04000,
,,,1.100900000000,  -0.56000,
,,,1.101000000000,  -0.28000,
,,,1.101100000000,  -0.12000,
,,,1.101200000000,  -0.08000,
,,,1.101300000000,  -0.16000,
,,,1.101400000000,  -0.12000,
,,,1.101500000000,  -0.32000,
,,,1.101600000000,  -0.24000,
,,,1.101700000000,  -0.12000,
,,,1.101800000000,   0.08000,
,,,1.101900000000,  -0.08000,
,,,1.102000000000,  -0.28000,
,,,1.102100000000,  -0.04000,
,,,1.102200000000,  -0.20000,
,,,1.102300000000,  -0.12000,
,,,1.102400000000,  -0.40000,
,,,1.102500000000,  -0.08000,
,,,1.102600000000,   0.04000,
,,,1.102700000000,   0.28000,
,,,1.102800000000,   0.20000,
,,,1.102900000000,  -0.08000,
,,,1.103000000000,  -0.16000,
,,,1.103100000000,  -0.12000,
,,,1.103200000000,  -0.04000,
,,,1.103300000000,  -0.28000,
,,,1.103400000000,  -0.24000,
,,,1.103500000000,  -0.24000,
,,,1.103600000000,  -0.16000,
,,,1.103700000000,   0.12000,
,,,1.103800000000,   0.00000,
,,,1.103900000000,  -0.04000,
,,,1.104000000000,  -0.28000,
,,,1.104100000000,  -0.16000,
,,,1.104200000000,  -0.28000,
,,,1.104300000000,   0.16000,
,,,1.104400000000,  -0.08000,
,,,1.104500000000,   0.20000,
,,,1.104600000000,   0.08000,
,,,1.104700000000,   0.00000,
,,,1.104800000000,  -0.28000,
,,,1.104900000000,  -0.08000,
,,,1.105000000000,  -0.24000,
,,,1.105100000000,   0.04000,
,,,1.105200000000,   0.40000,
,,,1.105300000000,   0.20000,
,,,1.105400000000,   0.00000,
,,,1.105500000000,  -0.16000,
,,,1.105600000000,  -0.16000,
,,,1.105700000000,   0.04000,
,,,1.105800000000,   0.24000,
,,,1.105900000000,   0.00000,
,,,1.106000000000,  -0.12000,
,,,1.106100000000,  -0.04000,
,,,1.106200000000,  -0.20000,
,,,1.106300000000,  -0.24000,
,,,1.106400000000,  -0.48000,
,,,1.106500000000,  -0.24000,
,,,1.106600000000,  -0.20000,
,,,1.106700000000,   0.20000,
,,,1.106800000000,   0.16000,
,,,1.106900000000,  -0.12000,
,,,1.107000000000,  -0.08000,
,,,1.107100000000,  -0.20000,
,,,1.107200000000,  -0.08000,
,,,1.107300000000,   0.08000,
,,,1.107400000000,   0.00000,
,,,1.107500000000,  -0.04000,
,,,1.107600000000,  -0.28000,
,,,1.107700000000,  -0.08000,
,,,1.107800000000,  -0.24000,
,,,1.107900000000,   0.20000,
,,,1.108000000000,   0.48000,
,,,1.108100000000,   0.28000,
,,,1.108200000000,  -0.48000,
,,,1.108300000000,  -0.60000,
,,,1.108400000000,  -0.80000,
,,,1.108500000000,  -0.24000,
,,,1.108600000000,  -0.16000,
,,,1.108700000000,   0.08000,
,,,1.108800000000,   0.08000,
,,,1.108900000000,   0.20000,
,,,1.109000000000,  -0.04000,
,,,1.109100000000,  -0.36000,
,,,1.109200000000,  -0.16000,
,,,1.109300000000,  -0.24000,
,,,1.109400000000,  -0.32000,
,,,1.109500000000,  -0.24000,
,,,1.109600000000,  -0.24000,
,,,1.109700000000,   0.00000,
,,,1.109800000000,   0.00000,
,,,1.109900000000,   0.00000,
,,,1.110000000000,  -0.04000,
,,,1.110100000000,   0.00000,
,,,1.110200000000,  -0.12000,
,,,1.110300000000,   0.04000,
,,,1.110400000000,   0.12000,
,,,1.110500000000,   0.04000,
,,,1.110600000000,  -0.04000,
,,,1.110700000000,  -0.08000,
,,,1.110800000000,   0.28000,
,,,1.110900000000,   0.16000,
,,,1.111000000000,   0.28000,
,,,1.111100000000,  -0.04000,
,,,1.111200000000,  -0.80000,
,,,1.111300000000,  -0.52000,
,,,1.111400000000,  -0.40000,
,,,1.111500000000,   0.00000,
,,,1.111600000000,   0.24000,
,,,1.111700000000,   0.24000,
,,,1.111800000000,   0.16000,
,,,1.111900000000,   0.00000,
,,,1.112000000000,   0.00000,
,,,1.112100000000,   0.28000,
,,,1.112200000000,  -0.04000,
,,,1.112300000000,  -0.40000,
,,,1.112400000000,  -0.12000,
,,,1.112500000000,  -0.04000,
,,,1.112600000000,  -0.12000,
,,,1.112700000000,  -0.04000,
,,,1.112800000000,   0.04000,
,,,1.112900000000,   0.00000,
,,,1.113000000000,  -0.32000,
,,,1.113100000000,  -0.56000,
,,,1.113200000000,  -0.52000,
,,,1.113300000000,  -0.08000,
,,,1.113400000000,  -0.24000,
,,,1.113500000000,  -0.24000,
,,,1.113600000000,  -0.04000,
,,,1.113700000000,   0.28000,
,,,1.113800000000,   0.08000,
,,,1.113900000000,  -0.20000,
,,,1.114000000000,  -0.16000,
,,,1.114100000000,  -0.08000,
,,,1.114200000000,  -0.28000,
,,,1.114300000000,  -0.36000,
,,,1.114400000000,  -0.24000,
,,,1.114500000000,  -0.12000,
,,,1.114600000000,   0.20000,
,,,1.114700000000,   0.12000,
,,,1.114800000000,  -0.16000,
,,,1.114900000000,  -0.08000,
,,,1.115000000000,   0.04000,
,,,1.115100000000,   0.08000,
,,,1.115200000000,  -0.20000,
,,,1.115300000000,   0.04000,
,,,1.115400000000,  -0.36000,
,,,1.115500000000,  -0.52000,
,,,1.115600000000,  -0.28000,
,,,1.115700000000,  -0.04000,
,,,1.115800000000,   0.12000,
,,,1.115900000000,   0.48000,
,,,1.116000000000,   0.32000,
,,,1.116100000000,  -0.24000,
,,,1.116200000000,  -0.44000,
,,,1.116300000000,  -0.24000,
,,,1.116400000000,  -0.08000,
,,,1.116500000000,  -0.36000,
,,,1.116600000000,  -0.48000,
,,,1.116700000000,   0.00000,
,,,1.116800000000,   0.32000,
,,,1.116900000000,   0.08000,
,,,1.117000000000,  -0.32000,
,,,1.117100000000,  -0.16000,
,,,1.117200000000,  -0.04000,
,,,1.117300000000,  -0.08000,
,,,1.117400000000,   0.08000,
,,,1.117500000000,  -0.08000,
,,,1.117600000000,  -0.24000,
,,,1.117700000000,  -0.16000,
,,,1.117800000000,   0.04000,
,,,1.117900000000,   0.04000,
,,,1.118000000000,   0.24000,
,,,1.118100000000,  -0.16000,
,,,1.118200000000,  -0.36000,
,,,1.118300000000,   0.16000,
,,,1.118400000000,   0.20000,
,,,1.118500000000,   0.16000,
,,,1.118600000000,  -0.16000,
,,,1.118700000000,   0.00000,
,,,1.118800000000,  -0.20000,
,,,1.118900000000,  -0.20000,
,,,1.119000000000,  -0.28000,
,,,1.119100000000,  -0.40000,
,,,1.119200000000,  -0.12000,
,,,1.119300000000,   0.08000,
,,,1.119400000000,  -0.08000,
,,,1.119500000000,   0.20000,
,,,1.119600000000,   0.24000,
,,,1.119700000000,  -0.08000,
,,,1.119800000000,   0.00000,
,,,1.119900000000,  -0.28000,
,,,1.120000000000,  -0.24000,
,,,1.120100000000,  -0.24000,
,,,1.120200000000,  -0.16000,
,,,1.120300000000,  -0.32000,
,,,1.120400000000,   0.00000,
,,,1.120500000000,   0.24000,
,,,1.120600000000,   0.00000,
,,,1.120700000000,  -0.24000,
,,,1.120800000000,  -0.36000,
,,,1.120900000000,  -0.20000,
,,,1.121000000000,  -0.04000,
,,,1.121100000000,  -0.16000,
,,,1.121200000000,   0.04000,
,,,1.121300000000,   0.00000,
,,,1.121400000000,  -0.08000,
,,,1.121500000000,  -0.44000,
,,,1.121600000000,  -0.32000,
,,,1.121700000000,  -0.28000,
,,,1.121800000000,   0.16000,
,,,1.121900000000,   0.28000,
,,,1.122000000000,   0.60000,
,,,1.122100000000,   0.08000,
,,,1.122200000000,  -0.36000,
,,,1.122300000000,  -0.56000,
,,,1.122400000000,  -0.32000,
,,,1.122500000000,  -0.12000,
,,,1.122600000000,   0.12000,
,,,1.122700000000,   0.24000,
,,,1.122800000000,  -0.12000,
,,,1.122900000000,  -0.40000,
,,,1.123000000000,  -0.28000,
,,,1.123100000000,  -0.24000,
,,,1.123200000000,   0.08000,
,,,1.123300000000,   0.20000,
,,,1.123400000000,   0.24000,
,,,1.123500000000,  -0.12000,
,,,1.123600000000,  -0.40000,
,,,1.123700000000,  -0.20000,
,,,1.123800000000,  -0.20000,
,,,1.123900000000,   0.08000,
,,,1.124000000000,   0.16000,
,,,1.124100000000,   0.04000,
,,,1.124200000000,  -0.32000,
,,,1.124300000000,  -0.28000,
,,,1.124400000000,  -0.36000,
,,,1.124500000000,   0.16000,
,,,1.124600000000,   0.40000,
,,,1.124700000000,  -0.04000,
,,,1.124800000000,   0.00000,
,,,1.124900000000,  -0.16000,
,,,1.125000000000,  -0.08000,
,,,1.125100000000,   0.00000,
,,,1.125200000000,   0.24000,
,,,1.125300000000,   0.20000,
,,,1.125400000000,   0.08000,
,,,1.125500000000,  -0.24000,
,,,1.125600000000,  -0.28000,
,,,1.125700000000,  -0.20000,
,,,1.125800000000,  -0.24000,
,,,1.125900000000,  -0.04000,
,,,1.126000000000,   0.32000,
,,,1.126100000000,   0.32000,
,,,1.126200000000,  -0.12000,
,,,1.126300000000,  -0.12000,
,,,1.126400000000,  -0.40000,
,,,1.126500000000,  -0.40000,
,,,1.126600000000,   0.08000,
,,,1.126700000000,   0.24000,
,,,1.126800000000,   0.04000,
,,,1.126900000000,  -0.08000,
,,,1.127000000000,  -0.24000,
,,,1.127100000000,  -0.28000,
,,,1.127200000000,  -0.04000,
,,,1.127300000000,  -0.04000,
,,,1.127400000000,   0.04000,
,,,1.127500000000,   0.20000,
,,,1.127600000000,  -0.12000,
,,,1.127700000000,   0.40000,
,,,1.127800000000,  -0.32000,
,,,1.127900000000,  -0.04000,
,,,1.128000000000,   0.08000,
,,,1.128100000000,  -0.24000,
,,,1.128200000000,  -0.24000,
,,,1.128300000000,  -0.16000,
,,,1.128400000000,  -0.36000,
,,,1.128500000000,  -0.12000,
,,,1.128600000000,  -0.08000,
,,,1.128700000000,  -0.16000,
,,,1.128800000000,   0.20000,
,,,1.128900000000,  -0.28000,
,,,1.129000000000,  -0.52000,
,,,1.129100000000,  -0.32000,
,,,1.129200000000,   0.20000,
,,,1.129300000000,   0.32000,
,,,1.129400000000,   0.60000,
,,,1.129500000000,   0.52000,
,,,1.129600000000,   0.40000,
,,,1.129700000000,  -0.04000,
,,,1.129800000000,  -0.32000,
,,,1.129900000000,  -0.60000,
,,,1.130000000000,  -0.64000,
,,,1.130100000000,  -0.32000,
,,,1.130200000000,  -0.48000,
,,,1.130300000000,  -0.32000,
,,,1.130400000000,  -0.12000,
,,,1.130500000000,   0.32000,
,,,1.130600000000,   0.64000,
,,,1.130700000000,   0.52000,
,,,1.130800000000,   0.28000,
,,,1.130900000000,  -0.16000,
,,,1.131000000000,  -0.24000,
,,,1.131100000000,  -0.32000,
,,,1.131200000000,   0.24000,
,,,1.131300000000,   0.12000,
,,,1.131400000000,  -0.12000,
,,,1.131500000000,  -0.24000,
,,,1.131600000000,  -0.24000,
,,,1.131700000000,  -0.04000,
,,,1.131800000000,   0.28000,
,,,1.131900000000,   0.24000,
,,,1.132000000000,   0.12000,
,,,1.132100000000,  -0.04000,
,,,1.132200000000,  -0.20000,
,,,1.132300000000,  -0.32000,
,,,1.132400000000,  -0.44000,
,,,1.132500000000,  -0.32000,
,,,1.132600000000,   0.08000,
,,,1.132700000000,   0.20000,
,,,1.132800000000,   0.36000,
,,,1.132900000000,  -0.04000,
,,,1.133000000000,  -0.16000,
,,,1.133100000000,   0.04000,
,,,1.133200000000,  -0.08000,
,,,1.133300000000,   0.04000,
,,,1.133400000000,  -0.16000,
,,,1.133500000000,  -0.16000,
,,,1.133600000000,   0.04000,
,,,1.133700000000,   0.24000,
,,,1.133800000000,   0.08000,
,,,1.133900000000,  -0.04000,
,,,1.134000000000,   0.28000,
,,,1.134100000000,   0.40000,
,,,1.134200000000,   0.36000,
,,,1.134300000000,  -0.36000,
,,,1.134400000000,  -0.72000,
,,,1.134500000000,  -0.76000,
,,,1.134600000000,  -0.36000,
,,,1.134700000000,  -0.16000,
,,,1.134800000000,   0.04000,
,,,1.134900000000,   0.04000,
,,,1.135000000000,  -0.20000,
,,,1.135100000000,  -0.24000,
,,,1.135200000000,  -0.56000,
,,,1.135300000000,  -0.08000,
,,,1.135400000000,  -0.08000,
,,,1.135500000000,   0.12000,
,,,1.135600000000,   0.04000,
,,,1.135700000000,   0.08000,
,,,1.135800000000,   0.12000,
,,,1.135900000000,   0.32000,
,,,1.136000000000,   0.00000,
,,,1.136100000000,  -0.12000,
,,,1.136200000000,  -0.20000,
,,,1.136300000000,  -0.48000,
,,,1.136400000000,  -0.68000,
,,,1.136500000000,  -0.44000,
,,,1.136600000000,   0.00000,
,,,1.136700000000,   0.12000,
,,,1.136800000000,   0.48000,
,,,1.136900000000,   0.84000,
,,,1.137000000000,   0.36000,
,,,1.137100000000,  -0.16000,
,,,1.137200000000,  -0.24000,
,,,1.137300000000,  -0.48000,
,,,1.137400000000,  -0.20000,
,,,1.137500000000,   0.08000,
,,,1.137600000000,  -0.32000,
,,,1.137700000000,  -0.16000,
,,,1.137800000000,   0.16000,
,,,1.137900000000,   0.36000,
,,,1.138000000000,   0.20000,
,,,1.138100000000,   0.28000,
,,,1.138200000000,   0.08000,
,,,1.138300000000,  -0.28000,
,,,1.138400000000,  -0.20000,
,,,1.138500000000,  -0.24000,
,,,1.138600000000,  -0.28000,
,,,1.138700000000,   0.24000,
,,,1.138800000000,   0.04000,
,,,1.138900000000,   0.12000,
,,,1.139000000000,  -0.28000,
,,,1.139100000000,  -0.36000,
,,,1.139200000000,  -0.24000,
,,,1.139300000000,   0.16000,
,,,1.139400000000,   0.36000,
,,,1.139500000000,  -0.24000,
,,,1.139600000000,  -0.44000,
,,,1.139700000000,  -0.52000,
,,,1.139800000000,  -0.08000,
,,,1.139900000000,   0.00000,
,,,1.140000000000,   0.08000,
,,,1.140100000000,  -0.36000,
,,,1.140200000000,  -0.52000,
,,,1.140300000000,  -0.28000,
,,,1.140400000000,   0.00000,
,,,1.140500000000,   0.16000,
,,,1.140600000000,   0.24000,
,,,1.140700000000,   0.28000,
,,,1.140800000000,  -0.04000,
,,,1.140900000000,  -0.28000,
,,,1.141000000000,  -0.48000,
,,,1.141100000000,  -0.44000,
,,,1.141200000000,   0.04000,
,,,1.141300000000,  -0.04000,
,,,1.141400000000,   0.12000,
,,,1.141500000000,   0.04000,
,,,1.141600000000,  -0.08000,
,,,1.141700000000,   0.04000,
,,,1.141800000000,   0.32000,
,,,1.141900000000,  -0.04000,
,,,1.142000000000,  -0.28000,
,,,1.142100000000,  -0.60000,
,,,1.142200000000,  -0.40000,
,,,1.142300000000,  -0.36000,
,,,1.142400000000,  -0.20000,
,,,1.142500000000,  -0.16000,
,,,1.142600000000,  -0.20000,
,,,1.142700000000,  -0.36000,
,,,1.142800000000,  -0.32000,
,,,1.142900000000,  -0.04000,
,,,1.143000000000,   0.44000,
,,,1.143100000000,   0.52000,
,,,1.143200000000,   0.60000,
,,,1.143300000000,   0.24000,
,,,1.143400000000,   0.24000,
,,,1.143500000000,  -0.12000,
,,,1.143600000000,  -0.56000,
,,,1.143700000000,  -0.80000,
,,,1.143800000000,  -0.48000,
,,,1.143900000000,  -0.40000,
,,,1.144000000000,  -0.20000,
,,,1.144100000000,  -0.28000,
,,,1.144200000000,  -0.36000,
,,,1.144300000000,  -0.12000,
,,,1.144400000000,   0.32000,
,,,1.144500000000,   0.20000,
,,,1.144600000000,   0.16000,
,,,1.144700000000,  -0.20000,
,,,1.144800000000,   0.00000,
,,,1.144900000000,   0.08000,
,,,1.145000000000,   0.24000,
,,,1.145100000000,   0.24000,
,,,1.145200000000,  -0.04000,
,,,1.145300000000,   0.08000,
,,,1.145400000000,   0.36000,
,,,1.145500000000,   0.44000,
,,,1.145600000000,   0.28000,
,,,1.145700000000,  -0.32000,
,,,1.145800000000,  -0.80000,
,,,1.145900000000,  -0.64000,
,,,1.146000000000,   0.00000,
,,,1.146100000000,   0.44000,
,,,1.146200000000,   0.64000,
,,,1.146300000000,   0.28000,
,,,1.146400000000,  -0.08000,
,,,1.146500000000,  -0.08000,
,,,1.146600000000,   0.16000,
,,,1.146700000000,  -0.20000,
,,,1.146800000000,  -0.44000,
,,,1.146900000000,  -1.00000,
,,,1.147000000000,  -0.36000,
,,,1.147100000000,   0.12000,
,,,1.147200000000,   0.20000,
,,,1.147300000000,  -0.40000,
,,,1.147400000000,  -0.60000,
,,,1.147500000000,  -0.88000,
,,,1.147600000000,   0.00000,
,,,1.147700000000,  -0.08000,
,,,1.147800000000,  -0.08000,
,,,1.147900000000,   0.16000,
,,,1.148000000000,  -0.24000,
,,,1.148100000000,  -0.44000,
,,,1.148200000000,  -0.28000,
,,,1.148300000000,  -0.20000,
,,,1.148400000000,  -0.28000,
,,,1.148500000000,  -0.40000,
,,,1.148600000000,  -0.20000,
,,,1.148700000000,  -0.12000,
,,,1.148800000000,   0.28000,
,,,1.148900000000,   0.48000,
,,,1.149000000000,   0.64000,
,,,1.149100000000,   0.16000,
,,,1.149200000000,  -0.08000,
,,,1.149300000000,  -0.12000,
,,,1.149400000000,  -0.24000,
,,,1.149500000000,   0.08000,
,,,1.149600000000,  -0.32000,
,,,1.149700000000,   0.08000,
,,,1.149800000000,   0.56000,
,,,1.149900000000,   0.40000,
,,,1.150000000000,  -0.08000,
,,,1.150100000000,  -0.36000,
,,,1.150200000000,  -0.36000,
,,,1.150300000000,  -0.40000,
,,,1.150400000000,  -0.32000,
,,,1.150500000000,  -0.44000,
,,,1.150600000000,  -0.80000,
,,,1.150700000000,  -0.56000,
,,,1.150800000000,  -0.32000,
,,,1.150900000000,   0.08000,
,,,1.151000000000,   0.04000,
,,,1.151100000000,   0.24000,
,,,1.151200000000,   0.24000,
,,,1.151300000000,  -0.04000,
,,,1.151400000000,  -0.12000,
,,,1.151500000000,   0.52000,
,,,1.151600000000,   0.72000,
,,,1.151700000000,   0.12000,
,,,1.151800000000,  -0.08000,
,,,1.151900000000,  -0.20000,
,,,1.152000000000,  -0.20000,
,,,1.152100000000,   0.08000,
,,,1.152200000000,  -0.08000,
,,,1.152300000000,  -0.92000,
,,,1.152400000000,  -0.36000,
,,,1.152500000000,  -0.16000,
,,,1.152600000000,  -0.04000,
,,,1.152700000000,   0.16000,
,,,1.152800000000,   0.20000,
,,,1.152900000000,  -0.44000,
,,,1.153000000000,  -0.64000,
,,,1.153100000000,  -0.16000,
,,,1.153200000000,   0.76000,
,,,1.153300000000,   0.88000,
,,,1.153400000000,   0.04000,
,,,1.153500000000,  -0.08000,
,,,1.153600000000,  -0.72000,
,,,1.153700000000,  -0.80000,
,,,1.153800000000,  -0.48000,
,,,1.153900000000,  -0.28000,
,,,1.154000000000,   0.36000,
,,,1.154100000000,   0.12000,
,,,1.154200000000,   0.52000,
,,,1.154300000000,   0.40000,
,,,1.154400000000,   0.52000,
,,,1.154500000000,   0.16000,
,,,1.154600000000,  -0.08000,
,,,1.154700000000,  -0.40000,
,,,1.154800000000,  -0.64000,
,,,1.154900000000,  -0.52000,
,,,1.155000000000,  -0.72000,
,,,1.155100000000,  -0.60000,
,,,1.155200000000,  -0.68000,
,,,1.155300000000,   0.04000,
,,,1.155400000000,   0.24000,
,,,1.155500000000,   0.92000,
,,,1.155600000000,   0.24000,
,,,1.155700000000,  -0.16000,
,,,1.155800000000,  -0.72000,
,,,1.155900000000,  -0.84000,
,,,1.156000000000,  -0.64000,
,,,1.156100000000,   0.08000,
,,,1.156200000000,   0.16000,
,,,1.156300000000,  -0.28000,
,,,1.156400000000,  -0.44000,
,,,1.156500000000,  -0.20000,
,,,1.156600000000,   0.48000,
,,,1.156700000000,  -0.52000,
,,,1.156800000000,  -0.56000,
,,,1.156900000000,  -0.44000,
,,,1.157000000000,   0.00000,
,,,1.157100000000,  -0.36000,
,,,1.157200000000,  -1.00000,
,,,1.157300000000,  -1.56000,
,,,1.157400000000,  -1.12000,
,,,1.157500000000,   0.16000,
,,,1.157600000000,   0.64000,
,,,1.157700000000,   0.80000,
,,,1.157800000000,   0.56000,
,,,1.157900000000,  -0.08000,
,,,1.158000000000,   0.12000,
,,,1.158100000000,   0.56000,
,,,1.158200000000,   0.12000,
,,,1.158300000000,   0.20000,
,,,1.158400000000,   0.08000,
,,,1.158500000000,  -0.96000,
,,,1.158600000000,  -1.12000,
,,,1.158700000000,  -0.96000,
,,,1.158800000000,  -0.28000,
,,,1.158900000000,   0.00000,
,,,1.159000000000,   0.36000,
,,,1.159100000000,   0.56000,
,,,1.159200000000,   0.24000,
,,,1.159300000000,   0.52000,
,,,1.159400000000,   0.12000,
,,,1.159500000000,  -0.56000,
,,,1.159600000000,  -0.32000,
,,,1.159700000000,   0.20000,
,,,1.159800000000,   1.00000,
,,,1.159900000000,   0.40000,
,,,1.160000000000,  -0.24000,
,,,1.160100000000,  -1.24000,
,,,1.160200000000,  -2.04000,
,,,1.160300000000,  -1.44000,
,,,1.160400000000,  -0.64000,
,,,1.160500000000,  -0.36000,
,,,1.160600000000,  -0.92000,
,,,1.160700000000,  -0.40000,
,,,1.160800000000,   0.04000,
,,,1.160900000000,  -0.44000,
,,,1.161000000000,   0.04000,
,,,1.161100000000,  -0.16000,
,,,1.161200000000,   0.24000,
,,,1.161300000000,  -0.04000,
,,,1.161400000000,   0.64000,
,,,1.161500000000,   1.20000,
,,,1.161600000000,   0.96000,
,,,1.161700000000,   0.16000,
,,,1.161800000000,   0.08000,
,,,1.161900000000,   0.40000,
,,,1.162000000000,  -0.16000,
,,,1.162100000000,  -0.44000,
,,,1.162200000000,  -1.04000,
,,,1.162300000000,  -0.92000,
,,,1.162400000000,  -1.28000,
,,,1.162500000000,  -0.88000,
,,,1.162600000000,  -0.40000,
,,,1.162700000000,  -0.40000,
,,,1.162800000000,  -0.20000,
,,,1.162900000000,   0.28000,
,,,1.163000000000,  -0.16000,
,,,1.163100000000,  -0.80000,
,,,1.163200000000,  -0.60000,
,,,1.163300000000,  -0.08000,
,,,1.163400000000,   0.28000,
,,,1.163500000000,   0.24000,
,,,1.163600000000,   0.12000,
,,,1.163700000000,  -0.20000,
,,,1.163800000000,  -0.24000,
,,,1.163900000000,  -0.64000,
,,,1.164000000000,  -0.84000,
,,,1.164100000000,  -0.56000,
,,,1.164200000000,  -0.08000,
,,,1.164300000000,   0.20000,
,,,1.164400000000,   0.20000,
,,,1.164500000000,   0.00000,
,,,1.164600000000,  -0.64000,
,,,1.164700000000,  -0.72000,
,,,1.164800000000,   0.28000,
,,,1.164900000000,   0.64000,
,,,1.165000000000,  -0.12000,
,,,1.165100000000,  -1.80000,
,,,1.165200000000,  -1.44000,
,,,1.165300000000,  -0.88000,
,,,1.165400000000,  -0.36000,
,,,1.165500000000,   0.96000,
,,,1.165600000000,   0.64000,
,,,1.165700000000,   0.44000,
,,,1.165800000000,   0.20000,
,,,1.165900000000,  -0.04000,
,,,1.166000000000,  -0.24000,
,,,1.166100000000,   0.16000,
,,,1.166200000000,   0.40000,
,,,1.166300000000,   0.80000,
,,,1.166400000000,   0.20000,
,,,1.166500000000,   0.12000,
,,,1.166600000000,  -0.20000,
,,,1.166700000000,   0.16000,
,,,1.166800000000,   0.00000,
,,,1.166900000000,  -1.00000,
,,,1.167000000000,  -0.76000,
,,,1.167100000000,  -0.28000,
,,,1.167200000000,   0.48000,
,,,1.167300000000,   0.40000,
,,,1.167400000000,   0.40000,
,,,1.167500000000,  -0.24000,
,,,1.167600000000,  -0.36000,
,,,1.167700000000,  -0.08000,
,,,1.167800000000,   0.08000,
,,,1.167900000000,   0.08000,
,,,1.168000000000,  -0.20000,
,,,1.168100000000,  -1.20000,
,,,1.168200000000,  -2.04000,
,,,1.168300000000,  -1.16000,
,,,1.168400000000,  -0.36000,
,,,1.168500000000,  -0.36000,
,,,1.168600000000,  -0.20000,
,,,1.168700000000,  -0.48000,
,,,1.168800000000,   0.16000,
,,,1.168900000000,   0.80000,
,,,1.169000000000,   0.60000,
,,,1.169100000000,   0.12000,
,,,1.169200000000,   0.32000,
,,,1.169300000000,   0.44000,
,,,1.169400000000,  -0.04000,
,,,1.169500000000,  -0.96000,
,,,1.169600000000,  -1.40000,
,,,1.169700000000,  -0.80000,
,,,1.169800000000,  -0.36000,
,,,1.169900000000,   0.24000,
,,,1.170000000000,   0.12000,
,,,1.170100000000,   0.48000,
,,,1.170200000000,  -0.04000,
,,,1.170300000000,  -0.36000,
,,,1.170400000000,  -0.04000,
,,,1.170500000000,   0.32000,
,,,1.170600000000,  -0.48000,
,,,1.170700000000,  -0.60000,
,,,1.170800000000,  -0.80000,
,,,1.170900000000,  -0.72000,
,,,1.171000000000,  -0.96000,
,,,1.171100000000,  -0.24000,
,,,1.171200000000,   0.24000,
,,,1.171300000000,  -0.48000,
,,,1.171400000000,  -0.60000,
,,,1.171500000000,   0.40000,
,,,1.171600000000,   0.72000,
,,,1.171700000000,   0.60000,
,,,1.171800000000,  -0.24000,
,,,1.171900000000,  -0.56000,
,,,1.172000000000,  -0.28000,
,,,1.172100000000,   0.24000,
,,,1.172200000000,   0.40000,
,,,1.172300000000,  -0.20000,
,,,1.172400000000,  -0.68000,
,,,1.172500000000,  -0.64000,
,,,1.172600000000,  -0.28000,
,,,1.172700000000,  -0.04000,
,,,1.172800000000,  -0.44000,
,,,1.172900000000,  -0.56000,
,,,1.173000000000,  -0.80000,
,,,1.173100000000,  -0.92000,
,,,1.173200000000,   0.20000,
,,,1.173300000000,   1.00000,
,,,1.173400000000,   0.88000,
,,,1.173500000000,   0.72000,
,,,1.173600000000,  -0.48000,
,,,1.173700000000,  -0.08000,
,,,1.173800000000,  -0.12000,
,,,1.173900000000,  -1.04000,
,,,1.174000000000,  -1.96000,
,,,1.174100000000,  -1.40000,
,,,1.174200000000,  -0.88000,
,,,1.174300000000,  -0.76000,
,,,1.174400000000,   0.08000,
,,,1.174500000000,   0.24000,
,,,1.174600000000,   0.40000,
,,,1.174700000000,   0.20000,
,,,1.174800000000,   0.12000,
,,,1.174900000000,   0.96000,
,,,1.175000000000,   0.84000,
,,,1.175100000000,   0.56000,
,,,1.175200000000,  -0.04000,
,,,1.175300000000,  -0.52000,
,,,1.175400000000,  -0.96000,
,,,1.175500000000,  -0.92000,
,,,1.175600000000,  -0.84000,
,,,1.175700000000,  -0.16000,
,,,1.175800000000,   1.08000,
,,,1.175900000000,   1.36000,
,,,1.176000000000,   0.20000,
,,,1.176100000000,  -0.20000,
,,,1.176200000000,  -0.68000,
,,,1.176300000000,  -1.04000,
,,,1.176400000000,  -0.72000,
,,,1.176500000000,  -0.56000,
,,,1.176600000000,  -0.68000,
,,,1.176700000000,  -1.16000,
,,,1.176800000000,  -0.44000,
,,,1.176900000000,   0.24000,
,,,1.177000000000,  -0.28000,
,,,1.177100000000,  -0.84000,
,,,1.177200000000,  -1.28000,
,,,1.177300000000,  -0.92000,
,,,1.177400000000,  -0.28000,
,,,1.177500000000,   0.44000,
,,,1.177600000000,  -0.04000,
,,,1.177700000000,  -0.40000,
,,,1.177800000000,  -0.72000,
,,,1.177900000000,  -0.32000,
,,,1.178000000000,  -0.20000,
,,,1.178100000000,   0.60000,
,,,1.178200000000,   0.56000,
,,,1.178300000000,   0.68000,
,,,1.178400000000,   0.08000,
,,,1.178500000000,  -0.48000,
,,,1.178600000000,  -0.92000,
,,,1.178700000000,  -0.92000,
,,,1.178800000000,  -0.28000,
,,,1.178900000000,   0.32000,
,,,1.179000000000,   0.76000,
,,,1.179100000000,   0.56000,
,,,1.179200000000,   1.00000,
,,,1.179300000000,   0.36000,
,,,1.179400000000,   0.12000,
,,,1.179500000000,   0.16000,
,,,1.179600000000,  -0.24000,
,,,1.179700000000,  -0.92000,
,,,1.179800000000,  -0.72000,
,,,1.179900000000,   0.16000,
,,,1.180000000000,   0.40000,
,,,1.180100000000,  -0.04000,
,,,1.180200000000,  -0.56000,
,,,1.180300000000,  -1.08000,
,,,1.180400000000,  -1.52000,
,,,1.180500000000,  -1.08000,
,,,1.180600000000,  -0.40000,
,,,1.180700000000,   0.56000,
,,,1.180800000000,   0.48000,
,,,1.180900000000,   0.00000,
,,,1.181000000000,  -0.52000,
,,,1.181100000000,  -0.44000,
,,,1.181200000000,   0.00000,
,,,1.181300000000,   0.16000,
,,,1.181400000000,   0.48000,
,,,1.181500000000,   0.20000,
,,,1.181600000000,   0.52000,
,,,1.181700000000,   0.20000,
,,,1.181800000000,   0.44000,
,,,1.181900000000,   1.00000,
,,,1.182000000000,   0.72000,
,,,1.182100000000,   0.04000,
,,,1.182200000000,  -0.76000,
,,,1.182300000000,  -0.48000,
,,,1.182400000000,  -0.96000,
,,,1.182500000000,  -1.32000,
,,,1.182600000000,  -0.32000,
,,,1.182700000000,   0.08000,
,,,1.182800000000,   0.32000,
,,,1.182900000000,   0.12000,
,,,1.183000000000,  -0.24000,
,,,1.183100000000,  -0.32000,
,,,1.183200000000,  -1.04000,
,,,1.183300000000,  -1.40000,
,,,1.183400000000,  -0.84000,
,,,1.183500000000,   0.00000,
,,,1.183600000000,   0.36000,
,,,1.183700000000,   0.16000,
,,,1.183800000000,   0.08000,
,,,1.183900000000,   0.12000,
,,,1.184000000000,  -0.48000,
,,,1.184100000000,  -0.48000,
,,,1.184200000000,  -0.52000,
,,,1.184300000000,  -0.24000,
,,,1.184400000000,  -0.60000,
,,,1.184500000000,  -0.36000,
,,,1.184600000000,   0.08000,
,,,1.184700000000,   0.44000,
,,,1.184800000000,   0.24000,
,,,1.184900000000,  -0.24000,
,,,1.185000000000,   0.20000,
,,,1.185100000000,  -0.08000,
,,,1.185200000000,   0.20000,
,,,1.185300000000,   0.00000,
,,,1.185400000000,   0.08000,
,,,1.185500000000,  -0.28000,
,,,1.185600000000,  -0.40000,
,,,1.185700000000,  -0.76000,
,,,1.185800000000,  -0.80000,
,,,1.185900000000,  -0.32000,
,,,1.186000000000,  -0.76000,
,,,1.186100000000,  -1.32000,
,,,1.186200000000,  -1.64000,
,,,1.186300000000,  -1.04000,
,,,1.186400000000,  -0.04000,
,,,1.186500000000,   0.84000,
,,,1.186600000000,   0.44000,
,,,1.186700000000,   0.48000,
,,,1.186800000000,   0.12000,
,,,1.186900000000,  -0.32000,
,,,1.187000000000,  -0.32000,
,,,1.187100000000,   0.52000,
,,,1.187200000000,   0.92000,
,,,1.187300000000,   0.76000,
,,,1.187400000000,   0.64000,
,,,1.187500000000,   0.08000,
,,,1.187600000000,   0.20000,
,,,1.187700000000,   0.48000,
,,,1.187800000000,   0.20000,
,,,1.187900000000,   0.28000,
,,,1.188000000000,  -0.16000,
,,,1.188100000000,  -0.52000,
,,,1.188200000000,  -0.76000,
,,,1.188300000000,  -0.28000,
,,,1.188400000000,  -0.24000,
,,,1.188500000000,  -0.44000,
,,,1.188600000000,  -0.68000,
,,,1.188700000000,  -0.56000,
,,,1.188800000000,   0.40000,
,,,1.188900000000,  -0.12000,
,,,1.189000000000,  -0.04000,
,,,1.189100000000,   0.36000,
,,,1.189200000000,   0.32000,
,,,1.189300000000,   0.36000,
,,,1.189400000000,   0.52000,
,,,1.189500000000,   0.08000,
,,,1.189600000000,  -0.16000,
,,,1.189700000000,   0.04000,
,,,1.189800000000,  -0.24000,
,,,1.189900000000,  -0.04000,
,,,1.190000000000,   0.00000,
,,,1.190100000000,   0.52000,
,,,1.190200000000,   0.84000,
,,,1.190300000000,   0.44000,
,,,1.190400000000,  -0.32000,
,,,1.190500000000,  -1.04000,
,,,1.190600000000,  -1.08000,
,,,1.190700000000,  -0.96000,
,,,1.190800000000,  -0.52000,
,,,1.190900000000,  -0.80000,
,,,1.191000000000,  -0.40000,
,,,1.191100000000,  -0.48000,
,,,1.191200000000,  -1.24000,
,,,1.191300000000,  -1.28000,
,,,1.191400000000,  -1.76000,
,,,1.191500000000,  -1.56000,
,,,1.191600000000,  -0.36000,
,,,1.191700000000,   1.20000,
,,,1.191800000000,   1.24000,
,,,1.191900000000,   0.52000,
,,,1.192000000000,   0.32000,
,,,1.192100000000,  -0.60000,
,,,1.192200000000,  -0.76000,
,,,1.192300000000,   0.04000,
,,,1.192400000000,   0.68000,
,,,1.192500000000,   0.52000,
,,,1.192600000000,   0.28000,
,,,1.192700000000,  -0.20000,
,,,1.192800000000,  -0.64000,
,,,1.192900000000,  -1.16000,
,,,1.193000000000,  -0.52000,
,,,1.193100000000,   0.20000,
,,,1.193200000000,   0.00000,
,,,1.193300000000,  -0.32000,
,,,1.193400000000,  -0.72000,
,,,1.193500000000,  -1.60000,
,,,1.193600000000,  -1.32000,
,,,1.193700000000,   0.40000,
,,,1.193800000000,   0.76000,
,,,1.193900000000,   0.60000,
,,,1.194000000000,   0.76000,
,,,1.194100000000,   0.16000,
,,,1.194200000000,   0.24000,
,,,1.194300000000,   0.20000,
,,,1.194400000000,   0.72000,
,,,1.194500000000,   0.44000,
,,,1.194600000000,   0.36000,
,,,1.194700000000,   0.36000,
,,,1.194800000000,   0.76000,
,,,1.194900000000,   1.12000,
,,,1.195000000000,   0.88000,
,,,1.195100000000,   0.40000,
,,,1.195200000000,   0.28000,
,,,1.195300000000,  -0.28000,
,,,1.195400000000,  -0.60000,
,,,1.195500000000,  -0.96000,
,,,1.195600000000,  -0.52000,
,,,1.195700000000,  -1.04000,
,,,1.195800000000,  -0.80000,
,,,1.195900000000,  -0.60000,
,,,1.196000000000,  -0.44000,
,,,1.196100000000,  -0.72000,
,,,1.196200000000,  -0.44000,
,,,1.196300000000,  -0.40000,
,,,1.196400000000,  -0.08000,
,,,1.196500000000,  -0.16000,
,,,1.196600000000,  -0.24000,
,,,1.196700000000,  -0.64000,
,,,1.196800000000,  -0.60000,
,,,1.196900000000,  -0.64000,
,,,1.197000000000,  -0.08000,
,,,1.197100000000,   0.00000,
,,,1.197200000000,  -0.12000,
,,,1.197300000000,  -0.04000,
,,,1.197400000000,  -0.32000,
,,,1.197500000000,  -0.44000,
,,,1.197600000000,   0.28000,
,,,1.197700000000,   0.44000,
,,,1.197800000000,   0.20000,
,,,1.197900000000,  -0.32000,
,,,1.198000000000,  -0.16000,
,,,1.198100000000,   0.04000,
,,,1.198200000000,   0.12000,
,,,1.198300000000,   0.36000,
,,,1.198400000000,   0.44000,
,,,1.198500000000,  -0.24000,
,,,1.198600000000,   0.04000,
,,,1.198700000000,   0.00000,
,,,1.198800000000,  -0.08000,
,,,1.198900000000,   0.04000,
,,,1.199000000000,   0.56000,
,,,1.199100000000,   0.56000,
,,,1.199200000000,   0.64000,
,,,1.199300000000,   0.28000,
,,,1.199400000000,   0.24000,
,,,1.199500000000,  -0.52000,
,,,1.199600000000,  -0.52000,
,,,1.199700000000,  -0.60000,
,,,1.199800000000,  -0.28000,
,,,1.199900000000,  -0.64000,
,,,1.200000000000,  -0.72000,
,,,1.200100000000,  -0.40000,
,,,1.200200000000,  -0.32000,
,,,1.200300000000,  -0.20000,
,,,1.200400000000,  -0.72000,
,,,1.200500000000,  -0.08000,
,,,1.200600000000,  -0.24000,
,,,1.200700000000,   0.04000,
,,,1.200800000000,  -0.48000,
,,,1.200900000000,  -0.04000,
,,,1.201000000000,   0.16000,
,,,1.201100000000,  -0.04000,
,,,1.201200000000,  -0.04000,
,,,1.201300000000,  -0.32000,
,,,1.201400000000,  -0.48000,
,,,1.201500000000,  -0.84000,
,,,1.201600000000,  -1.12000,
,,,1.201700000000,  -1.40000,
,,,1.201800000000,  -0.72000,
,,,1.201900000000,  -0.92000,
,,,1.202000000000,  -0.84000,
,,,1.202100000000,  -0.12000,
,,,1.202200000000,   0.08000,
,,,1.202300000000,   0.16000,
,,,1.202400000000,   0.52000,
,,,1.202500000000,   0.20000,
,,,1.202600000000,   0.36000,
,,,1.202700000000,   0.76000,
,,,1.202800000000,   0.92000,
,,,1.202900000000,   0.24000,
,,,1.203000000000,   0.04000,
,,,1.203100000000,  -0.12000,
,,,1.203200000000,  -0.20000,
,,,1.203300000000,   0.04000,
,,,1.203400000000,  -0.36000,
,,,1.203500000000,  -0.76000,
,,,1.203600000000,  -0.64000,
,,,1.203700000000,  -0.36000,
,,,1.203800000000,   0.44000,
,,,1.203900000000,   0.08000,
,,,1.204000000000,   0.08000,
,,,1.204100000000,   0.04000,
,,,1.204200000000,  -0.84000,
,,,1.204300000000,  -1.28000,
,,,1.204400000000,  -1.12000,
,,,1.204500000000,  -1.04000,
,,,1.204600000000,  -0.92000,
,,,1.204700000000,   0.08000,
,,,1.204800000000,   0.40000,
,,,1.204900000000,   0.52000,
,,,1.205000000000,   0.20000,
,,,1.205100000000,  -0.48000,
,,,1.205200000000,  -0.44000,
,,,1.205300000000,  -0.64000,
,,,1.205400000000,  -0.76000,
,,,1.205500000000,  -0.68000,
,,,1.205600000000,   0.16000,
,,,1.205700000000,   1.16000,
,,,1.205800000000,   2.16000,
,,,1.205900000000,   2.64000,
,,,1.206000000000,   2.92000,
,,,1.206100000000,   2.84000,
,,,1.206200000000,   2.24000,
,,,1.206300000000,   1.56000,
,,,1.206400000000,   1.36000,
,,,1.206500000000,   0.00000,
,,,1.206600000000,  -0.08000,
,,,1.206700000000,  -0.96000,
,,,1.206800000000,  -1.28000,
,,,1.206900000000,  -1.72000,
,,,1.207000000000,  -1.48000,
,,,1.207100000000,  -0.96000,
,,,1.207200000000,  -0.84000,
,,,1.207300000000,  -1.20000,
,,,1.207400000000,  -1.44000,
,,,1.207500000000,  -1.36000,
,,,1.207600000000,  -0.88000,
,,,1.207700000000,  -0.84000,
,,,1.207800000000,  -1.00000,
,,,1.207900000000,  -0.84000,
,,,1.208000000000,  -0.72000,
,,,1.208100000000,  -0.72000,
,,,1.208200000000,  -0.64000,
,,,1.208300000000,  -0.36000,
,,,1.208400000000,   0.12000,
,,,1.208500000000,   0.44000,
,,,1.208600000000,   0.04000,
,,,1.208700000000,   0.20000,
,,,1.208800000000,  -0.12000,
,,,1.208900000000,  -0.16000,
,,,1.209000000000,   0.48000,
,,,1.209100000000,   0.64000,
,,,1.209200000000,   0.56000,
,,,1.209300000000,   1.00000,
,,,1.209400000000,   1.12000,
,,,1.209500000000,   0.52000,
,,,1.209600000000,  -0.16000,
,,,1.209700000000,  -0.32000,
,,,1.209800000000,  -0.16000,
,,,1.209900000000,  -0.92000,
,,,1.210000000000,  -1.16000,
,,,1.210100000000,  -1.44000,
,,,1.210200000000,  -1.56000,
,,,1.210300000000,  -1.48000,
,,,1.210400000000,  -1.56000,
,,,1.210500000000,  -1.20000,
,,,1.210600000000,  -0.32000,
,,,1.210700000000,  -0.28000,
,,,1.210800000000,   0.16000,
,,,1.210900000000,  -0.48000,
,,,1.211000000000,  -0.52000,
,,,1.211100000000,  -0.80000,
,,,1.211200000000,  -0.04000,
,,,1.211300000000,   0.76000,
,,,1.211400000000,   1.12000,
,,,1.211500000000,   1.32000,
,,,1.211600000000,   0.88000,
,,,1.211700000000,   0.60000,
,,,1.211800000000,   0.72000,
,,,1.211900000000,   0.68000,
,,,1.212000000000,   0.28000,
,,,1.212100000000,  -0.60000,
,,,1.212200000000,  -1.28000,
,,,1.212300000000,  -2.04000,
,,,1.212400000000,  -1.64000,
,,,1.212500000000,  -1.04000,
,,,1.212600000000,  -0.44000,
,,,1.212700000000,  -0.36000,
,,,1.212800000000,  -0.52000,
,,,1.212900000000,  -0.56000,
,,,1.213000000000,   0.20000,
,,,1.213100000000,   0.32000,
,,,1.213200000000,   0.76000,
,,,1.213300000000,   0.92000,
,,,1.213400000000,   0.72000,
,,,1.213500000000,   0.68000,
,,,1.213600000000,   0.68000,
,,,1.213700000000,   0.96000,
,,,1.213800000000,   0.72000,
,,,1.213900000000,   0.44000,
,,,1.214000000000,   0.40000,
,,,1.214100000000,   0.12000,
,,,1.214200000000,   0.08000,
,,,1.214300000000,   0.28000,
,,,1.214400000000,   0.40000,
,,,1.214500000000,   0.24000,
,,,1.214600000000,   0.36000,
,,,1.214700000000,   0.16000,
,,,1.214800000000,  -0.04000,
,,,1.214900000000,  -0.52000,
,,,1.215000000000,  -0.48000,
,,,1.215100000000,  -0.40000,
,,,1.215200000000,  -0.24000,
,,,1.215300000000,  -0.08000,
,,,1.215400000000,  -0.28000,
,,,1.215500000000,  -0.60000,
,,,1.215600000000,  -0.80000,
,,,1.215700000000,  -0.84000,
,,,1.215800000000,  -0.96000,
,,,1.215900000000,  -0.44000,
,,,1.216000000000,  -0.52000,
,,,1.216100000000,  -0.60000,
,,,1.216200000000,   0.16000,
,,,1.216300000000,   0.40000,
,,,1.216400000000,   0.88000,
,,,1.216500000000,   1.16000,
,,,1.216600000000,   1.24000,
,,,1.216700000000,   0.40000,
,,,1.216800000000,  -0.04000,
,,,1.216900000000,  -0.08000,
,,,1.217000000000,  -0.36000,
,,,1.217100000000,  -0.92000,
,,,1.217200000000,  -0.72000,
,,,1.217300000000,  -0.68000,
,,,1.217400000000,  -0.88000,
,,,1.217500000000,  -0.84000,
,,,1.217600000000,  -0.84000,
,,,1.217700000000,  -1.24000,
,,,1.217800000000,  -0.92000,
,,,1.217900000000,  -0.44000,
,,,1.218000000000,  -0.32000,
,,,1.218100000000,  -0.44000,
,,,1.218200000000,  -0.44000,
,,,1.218300000000,   0.12000,
,,,1.218400000000,   0.44000,
,,,1.218500000000,   0.56000,
,,,1.218600000000,   0.64000,
,,,1.218700000000,   1.04000,
,,,1.218800000000,   0.52000,
,,,1.218900000000,   0.36000,
,,,1.219000000000,   0.48000,
,,,1.219100000000,   0.56000,
,,,1.219200000000,   0.52000,
,,,1.219300000000,   0.84000,
,,,1.219400000000,   1.20000,
,,,1.219500000000,   0.92000,
,,,1.219600000000,   1.08000,
,,,1.219700000000,   0.16000,
,,,1.219800000000,  -0.20000,
,,,1.219900000000,  -1.16000,
,,,1.220000000000,  -0.84000,
,,,1.220100000000,  -0.44000,
,,,1.220200000000,  -0.40000,
,,,1.220300000000,   0.12000,
,,,1.220400000000,  -0.04000,
,,,1.220500000000,   0.28000,
,,,1.220600000000,   0.00000,
,,,1.220700000000,   0.12000,
,,,1.220800000000,   0.64000,
,,,1.220900000000,   0.72000,
,,,1.221000000000,   0.20000,
,,,1.221100000000,  -0.40000,
,,,1.221200000000,  -0.44000,
,,,1.221300000000,  -0.60000,
,,,1.221400000000,  -0.40000,
,,,1.221500000000,  -0.56000,
,,,1.221600000000,  -0.72000,
,,,1.221700000000,  -0.80000,
,,,1.221800000000,  -0.40000,
,,,1.221900000000,  -0.56000,
,,,1.222000000000,  -0.04000,
,,,1.222100000000,   0.12000,
,,,1.222200000000,  -0.24000,
,,,1.222300000000,  -0.24000,
,,,1.222400000000,  -0.04000,
,,,1.222500000000,  -0.24000,
,,,1.222600000000,  -0.76000,
,,,1.222700000000,  -0.84000,
,,,1.222800000000,  -1.04000,
,,,1.222900000000,  -0.84000,
,,,1.223000000000,  -0.24000,
,,,1.223100000000,   0.16000,
,,,1.223200000000,  -0.12000,
,,,1.223300000000,  -0.36000,
,,,1.223400000000,  -0.28000,
,,,1.223500000000,  -0.16000,
,,,1.223600000000,   0.24000,
,,,1.223700000000,   0.64000,
,,,1.223800000000,   0.40000,
,,,1.223900000000,   0.28000,
,,,1.224000000000,  -0.16000,
,,,1.224100000000,  -0.08000,
,,,1.224200000000,  -0.28000,
,,,1.224300000000,  -0.20000,
,,,1.224400000000,  -0.48000,
,,,1.224500000000,  -0.40000,
,,,1.224600000000,  -0.36000,
,,,1.224700000000,   0.32000,
,,,1.224800000000,   0.24000,
,,,1.224900000000,   0.36000,
,,,1.225000000000,   0.40000,
,,,1.225100000000,   0.40000,
,,,1.225200000000,  -0.04000,
,,,1.225300000000,  -0.08000,
,,,1.225400000000,  -0.08000,
,,,1.225500000000,   0.20000,
,,,1.225600000000,   0.36000,
,,,1.225700000000,   0.80000,
,,,1.225800000000,   0.68000,
,,,1.225900000000,   0.48000,
,,,1.226000000000,   0.20000,
,,,1.226100000000,   0.12000,
,,,1.226200000000,  -0.32000,
,,,1.226300000000,  -0.56000,
,,,1.226400000000,  -0.48000,
,,,1.226500000000,  -0.32000,
,,,1.226600000000,  -0.44000,
,,,1.226700000000,  -0.20000,
,,,1.226800000000,   0.00000,
,,,1.226900000000,  -0.04000,
,,,1.227000000000,  -0.56000,
,,,1.227100000000,  -0.12000,
,,,1.227200000000,  -0.08000,
,,,1.227300000000,  -0.28000,
,,,1.227400000000,  -0.28000,
,,,1.227500000000,  -0.60000,
,,,1.227600000000,  -0.60000,
,,,1.227700000000,  -0.12000,
,,,1.227800000000,  -0.04000,
,,,1.227900000000,   0.20000,
,,,1.228000000000,   0.04000,
,,,1.228100000000,   0.08000,
,,,1.228200000000,  -0.36000,
,,,1.228300000000,   0.12000,
,,,1.228400000000,   0.40000,
,,,1.228500000000,   0.16000,
,,,1.228600000000,  -0.20000,
,,,1.228700000000,  -0.12000,
,,,1.228800000000,   0.20000,
,,,1.228900000000,  -0.04000,
,,,1.229000000000,  -0.24000,
,,,1.229100000000,  -0.24000,
,,,1.229200000000,   0.00000,
,,,1.229300000000,   0.08000,
,,,1.229400000000,  -0.08000,
,,,1.229500000000,   0.08000,
,,,1.229600000000,   0.24000,
,,,1.229700000000,  -0.12000,
,,,1.229800000000,  -0.32000,
,,,1.229900000000,  -0.24000,
,,,1.230000000000,  -0.52000,
,,,1.230100000000,  -0.48000,
,,,1.230200000000,  -0.20000,
,,,1.230300000000,   0.08000,
,,,1.230400000000,   0.24000,
,,,1.230500000000,   0.16000,
,,,1.230600000000,  -0.20000,
,,,1.230700000000,  -0.28000,
,,,1.230800000000,   0.04000,
,,,1.230900000000,   0.00000,
,,,1.231000000000,  -0.04000,
,,,1.231100000000,   0.00000,
,,,1.231200000000,   0.00000,
,,,1.231300000000,  -0.16000,
,,,1.231400000000,  -0.28000,
,,,1.231500000000,  -0.28000,
,,,1.231600000000,  -0.48000,
,,,1.231700000000,  -0.16000,
,,,1.231800000000,  -0.36000,
,,,1.231900000000,  -0.16000,
,,,1.232000000000,   0.24000,
,,,1.232100000000,   0.24000,
,,,1.232200000000,   0.16000,
,,,1.232300000000,   0.08000,
,,,1.232400000000,  -0.12000,
,,,1.232500000000,  -0.20000,
,,,1.232600000000,  -0.24000,
,,,1.232700000000,   0.00000,
,,,1.232800000000,   0.20000,
,,,1.232900000000,   0.32000,
,,,1.233000000000,   0.24000,
,,,1.233100000000,  -0.44000,
,,,1.233200000000,  -0.48000,
,,,1.233300000000,  -0.40000,
,,,1.233400000000,  -0.52000,
,,,1.233500000000,  -0.40000,
,,,1.233600000000,  -0.48000,
,,,1.233700000000,  -0.12000,
,,,1.233800000000,  -0.12000,
,,,1.233900000000,   0.28000,
,,,1.234000000000,   0.20000,
,,,1.234100000000,   0.16000,
,,,1.234200000000,  -0.04000,
,,,1.234300000000,  -0.36000,
,,,1.234400000000,  -0.48000,
,,,1.234500000000,  -0.16000,
,,,1.234600000000,   0.12000,
,,,1.234700000000,   0.04000,
,,,1.234800000000,   0.12000,
,,,1.234900000000,   0.12000,
,,,1.235000000000,  -0.32000,
,,,1.235100000000,  -0.08000,
,,,1.235200000000,  -0.08000,
,,,1.235300000000,  -0.24000,
,,,1.235400000000,  -0.12000,
,,,1.235500000000,  -0.04000,
,,,1.235600000000,  -0.12000,
,,,1.235700000000,  -0.12000,
,,,1.235800000000,  -0.32000,
,,,1.235900000000,  -0.40000,
,,,1.236000000000,  -0.36000,
,,,1.236100000000,  -0.28000,
,,,1.236200000000,   0.08000,
,,,1.236300000000,   0.04000,
,,,1.236400000000,  -0.12000,
,,,1.236500000000,  -0.40000,
,,,1.236600000000,  -0.44000,
,,,1.236700000000,  -0.16000,
,,,1.236800000000,  -0.04000,
,,,1.236900000000,   0.32000,
,,,1.237000000000,   0.64000,
,,,1.237100000000,   0.60000,
,,,1.237200000000,   0.20000,
,,,1.237300000000,  -0.28000,
,,,1.237400000000,  -0.56000,
,,,1.237500000000,  -0.32000,
,,,1.237600000000,   0.16000,
,,,1.237700000000,   0.00000,
,,,1.237800000000,   0.12000,
,,,1.237900000000,  -0.04000,
,,,1.238000000000,  -0.48000,
,,,1.238100000000,  -0.40000,
,,,1.238200000000,  -0.28000,
,,,1.238300000000,  -0.12000,
,,,1.238400000000,  -0.04000,
,,,1.238500000000,   0.08000,
,,,1.238600000000,   0.00000,
,,,1.238700000000,   0.20000,
,,,1.238800000000,   0.08000,
,,,1.238900000000,  -0.12000,
,,,1.239000000000,  -0.44000,
,,,1.239100000000,  -0.32000,
,,,1.239200000000,  -0.24000,
,,,1.239300000000,  -0.24000,
,,,1.239400000000,   0.04000,
,,,1.239500000000,   0.20000,
,,,1.239600000000,  -0.04000,
,,,1.239700000000,  -0.20000,
,,,1.239800000000,  -0.20000,
,,,1.239900000000,   0.00000,
,,,1.240000000000,  -0.32000,
,,,1.240100000000,  -0.28000,
,,,1.240200000000,  -0.20000,
,,,1.240300000000,   0.12000,
,,,1.240400000000,  -0.28000,
,,,1.240500000000,   0.04000,
,,,1.240600000000,  -0.04000,
,,,1.240700000000,  -0.12000,
,,,1.240800000000,  -0.44000,
,,,1.240900000000,  -0.08000,
,,,1.241000000000,  -0.16000,
,,,1.241100000000,   0.12000,
,,,1.241200000000,   0.20000,
,,,1.241300000000,   0.08000,
,,,1.241400000000,   0.16000,
,,,1.241500000000,   0.16000,
,,,1.241600000000,   0.36000,
,,,1.241700000000,   0.04000,
,,,1.241800000000,  -0.32000,
,,,1.241900000000,  -0.20000,
,,,1.242000000000,  -0.56000,
,,,1.242100000000,  -0.60000,
,,,1.242200000000,  -0.36000,
,,,1.242300000000,  -0.04000,
,,,1.242400000000,  -0.08000,
,,,1.242500000000,  -0.16000,
,,,1.242600000000,  -0.04000,
,,,1.242700000000,  -0.04000,
,,,1.242800000000,   0.08000,
,,,1.242900000000,   0.00000,
,,,1.243000000000,  -0.12000,
,,,1.243100000000,  -0.40000,
,,,1.243200000000,  -0.36000,
,,,1.243300000000,   0.04000,
,,,1.243400000000,  -0.08000,
,,,1.243500000000,  -0.20000,
,,,1.243600000000,  -0.04000,
,,,1.243700000000,   0.24000,
,,,1.243800000000,   0.12000,
,,,1.243900000000,   0.12000,
,,,1.244000000000,   0.00000,
,,,1.244100000000,   0.12000,
,,,1.244200000000,  -0.08000,
,,,1.244300000000,   0.04000,
,,,1.244400000000,  -0.12000,
,,,1.244500000000,  -0.12000,
,,,1.244600000000,  -0.24000,
,,,1.244700000000,  -0.32000,
,,,1.244800000000,  -0.44000,
,,,1.244900000000,  -0.04000,
,,,1.245000000000,   0.28000,
,,,1.245100000000,   0.32000,
,,,1.245200000000,   0.12000,
,,,1.245300000000,  -0.28000,
,,,1.245400000000,  -0.28000,
,,,1.245500000000,   0.00000,
,,,1.245600000000,  -0.16000,
,,,1.245700000000,  -0.04000,
,,,1.245800000000,  -0.08000,
,,,1.245900000000,  -0.40000,
,,,1.246000000000,  -0.44000,
,,,1.246100000000,  -0.12000,
,,,1.246200000000,   0.08000,
,,,1.246300000000,   0.08000,
,,,1.246400000000,  -0.32000,
,,,1.246500000000,  -0.12000,
,,,1.246600000000,  -0.20000,
,,,1.246700000000,   0.00000,
,,,1.246800000000,   0.24000,
,,,1.246900000000,   0.04000,
,,,1.247000000000,   0.16000,
,,,1.247100000000,  -0.32000,
,,,1.247200000000,  -0.36000,
,,,1.247300000000,  -0.28000,
,,,1.247400000000,  -0.20000,
,,,1.247500000000,   0.08000,
,,,1.247600000000,   0.36000,
,,,1.247700000000,   0.40000,
,,,1.247800000000,  -0.16000,
,,,1.247900000000,  -0.08000,
,,,1.248000000000,  -0.28000,
,,,1.248100000000,  -0.44000,
,,,1.248200000000,  -0.60000,
,,,1.248300000000,  -0.04000,
,,,1.248400000000,  -0.32000,
,,,1.248500000000,  -0.28000,
,,,1.248600000000,  -0.04000,
,,,1.248700000000,  -0.24000,
,,,1.248800000000,  -0.16000,
,,,1.248900000000,   0.12000,
,,,1.249000000000,   0.60000,
,,,1.249100000000,   0.44000,
,,,1.249200000000,   0.32000,
,,,1.249300000000,   0.08000,
,,,1.249400000000,  -0.32000,
,,,1.249500000000,  -0.48000,
,,,1.249600000000,  -0.52000,
,,,1.249700000000,  -0.28000,
,,,1.249800000000,   0.24000,
,,,1.249900000000,   0.28000,
,,,1.250000000000,   0.28000,
,,,1.250100000000,   0.28000,
,,,1.250200000000,  -0.36000,
,,,1.250300000000,  -0.12000,
,,,1.250400000000,   0.08000,
,,,1.250500000000,  -0.08000,
,,,1.250600000000,  -0.20000,
,,,1.250700000000,  -0.32000,
,,,1.250800000000,  -0.32000,
,,,1.250900000000,  -0.36000,
,,,1.251000000000,  -0.20000,
,,,1.251100000000,  -0.36000,
,,,1.251200000000,  -0.20000,
,,,1.251300000000,   0.32000,
,,,1.251400000000,   0.28000,
,,,1.251500000000,   0.24000,
,,,1.251600000000,  -0.20000,
,,,1.251700000000,   0.00000,
,,,1.251800000000,  -0.24000,
,,,1.251900000000,  -0.20000,
,,,1.252000000000,  -0.04000,
,,,1.252100000000,   0.08000,
,,,1.252200000000,   0.24000,
,,,1.252300000000,   0.12000,
,,,1.252400000000,  -0.16000,
,,,1.252500000000,  -0.28000,
,,,1.252600000000,  -0.04000,
,,,1.252700000000,   0.08000,
,,,1.252800000000,  -0.08000,
,,,1.252900000000,   0.04000,
,,,1.253000000000,   0.16000,
,,,1.253100000000,   0.44000,
,,,1.253200000000,   0.40000,
,,,1.253300000000,   0.24000,
,,,1.253400000000,  -0.20000,
,,,1.253500000000,  -0.24000,
,,,1.253600000000,  -0.40000,
,,,1.253700000000,  -0.04000,
,,,1.253800000000,  -0.04000,
,,,1.253900000000,   0.00000,
,,,1.254000000000,  -0.20000,
,,,1.254100000000,  -0.52000,
,,,1.254200000000,  -0.32000,
,,,1.254300000000,  -0.08000,
,,,1.254400000000,  -0.24000,
,,,1.254500000000,  -0.16000,
,,,1.254600000000,  -0.12000,
,,,1.254700000000,  -0.36000,
,,,1.254800000000,  -0.28000,
,,,1.254900000000,   0.12000,
,,,1.255000000000,   0.28000,
,,,1.255100000000,   0.12000,
,,,1.255200000000,   0.00000,
,,,1.255300000000,  -0.08000,
,,,1.255400000000,  -0.04000,
,,,1.255500000000,  -0.36000,
,,,1.255600000000,  -0.32000,
,,,1.255700000000,  -0.16000,
,,,1.255800000000,  -0.28000,
,,,1.255900000000,  -0.32000,
,,,1.256000000000,   0.00000,
,,,1.256100000000,   0.00000,
,,,1.256200000000,   0.24000,
,,,1.256300000000,   0.60000,
,,,1.256400000000,   0.44000,
,,,1.256500000000,  -0.04000,
,,,1.256600000000,  -0.16000,
,,,1.256700000000,  -0.16000,
,,,1.256800000000,  -0.28000,
,,,1.256900000000,  -0.04000,
,,,1.257000000000,  -0.04000,
,,,1.257100000000,  -0.48000,
,,,1.257200000000,  -0.32000,
,,,1.257300000000,   0.04000,
,,,1.257400000000,   0.16000,
,,,1.257500000000,  -0.04000,
,,,1.257600000000,  -0.16000,
,,,1.257700000000,  -0.28000,
,,,1.257800000000,   0.16000,
,,,1.257900000000,  -0.04000,
,,,1.258000000000,   0.00000,
,,,1.258100000000,  -0.12000,
,,,1.258200000000,   0.08000,
,,,1.258300000000,   0.28000,
,,,1.258400000000,  -0.12000,
,,,1.258500000000,  -0.20000,
,,,1.258600000000,  -0.24000,
,,,1.258700000000,   0.20000,
,,,1.258800000000,   0.40000,
,,,1.258900000000,   0.16000,
,,,1.259000000000,   0.04000,
,,,1.259100000000,  -0.04000,
,,,1.259200000000,  -0.20000,
,,,1.259300000000,  -0.16000,
,,,1.259400000000,   0.12000,
,,,1.259500000000,   0.16000,
,,,1.259600000000,   0.04000,
,,,1.259700000000,  -0.20000,
,,,1.259800000000,  -0.40000,
,,,1.259900000000,  -0.24000,
,,,1.260000000000,   0.08000,
,,,1.260100000000,   0.00000,
,,,1.260200000000,  -0.24000,
,,,1.260300000000,  -0.28000,
,,,1.260400000000,  -0.24000,
,,,1.260500000000,  -0.20000,
,,,1.260600000000,  -0.16000,
,,,1.260700000000,  -0.20000,
,,,1.260800000000,  -0.24000,
,,,1.260900000000,  -0.04000,
,,,1.261000000000,   0.12000,
,,,1.261100000000,   0.28000,
,,,1.261200000000,   0.20000,
,,,1.261300000000,   0.04000,
,,,1.261400000000,  -0.04000,
,,,1.261500000000,  -0.20000,
,,,1.261600000000,  -0.56000,
,,,1.261700000000,  -0.08000,
,,,1.261800000000,  -0.04000,
,,,1.261900000000,  -0.32000,
,,,1.262000000000,  -0.52000,
,,,1.262100000000,  -0.28000,
,,,1.262200000000,  -0.24000,
,,,1.262300000000,  -0.16000,
,,,1.262400000000,  -0.12000,
,,,1.262500000000,   0.20000,
,,,1.262600000000,   0.08000,
,,,1.262700000000,  -0.12000,
,,,1.262800000000,  -0.44000,
,,,1.262900000000,  -0.08000,
,,,1.263000000000,  -0.12000,
,,,1.263100000000,  -0.12000,
,,,1.263200000000,   0.32000,
,,,1.263300000000,   0.24000,
,,,1.263400000000,   0.16000,
,,,1.263500000000,   0.52000,
,,,1.263600000000,   0.52000,
,,,1.263700000000,   0.12000,
,,,1.263800000000,  -0.36000,
,,,1.263900000000,  -0.48000,
,,,1.264000000000,  -0.60000,
,,,1.264100000000,  -0.20000,
,,,1.264200000000,   0.40000,
,,,1.264300000000,   0.64000,
,,,1.264400000000,   0.04000,
,,,1.264500000000,  -0.40000,
,,,1.264600000000,  -0.28000,
,,,1.264700000000,  -0.16000,
,,,1.264800000000,  -0.76000,
,,,1.264900000000,  -0.16000,
,,,1.265000000000,   0.32000,
,,,1.265100000000,   0.12000,
,,,1.265200000000,   0.32000,
,,,1.265300000000,   0.16000,
,,,1.265400000000,   0.52000,
,,,1.265500000000,   0.44000,
,,,1.265600000000,   0.08000,
,,,1.265700000000,  -0.52000,
,,,1.265800000000,  -0.48000,
,,,1.265900000000,  -0.52000,
